,Date,LocationID,PU_passenger,PUTripDistance_count,PickUp_count,PU_fare,DO_passenger,DOTripDistance_count,DO_fare,DropOff_count
0,2020-07,4,1177.0,41570.780000000006,923,16144.14,6006.0,13138.76,56148.11,4397
1,2020-07,12,166.0,548.26,106,2094.74,287.0,31610.140000000003,3653.66,200
2,2020-07,13,2753.0,8718.96,2071,33453.18,4350.0,14772.89,53177.83,3119
3,2020-07,24,5753.0,10934.25,4148,48920.26,5911.0,11019.82,47312.15,4296
4,2020-07,41,11019.0,19612.55,8175,95929.95999999999,16200.0,31701.13,141205.46,11592
5,2020-07,42,6932.0,15958.46,5470,80005.4,13696.0,38211.04,163506.37,10155
6,2020-07,43,15613.0,23425.13,10868,107538.89,12124.0,16798.76,77955.45,8447
7,2020-07,45,956.0,3300.92,721,15160.32,2325.0,7015.08,28296.15,1689
8,2020-07,48,35526.0,64740.02,25807,278004.46,29646.0,42077.27,199125.15,21668
9,2020-07,50,9083.0,25381.61,7128,119499.11,14281.0,33864.85,152456.76,10774
10,2020-07,68,22541.0,63197.83,17265,276654.12,20620.0,32450.88,151354.51,15208
11,2020-07,74,12181.0,25095.3,9022,114598.08,21197.0,44982.14,193084.1,15338
12,2020-07,75,22558.0,44806.26,16525,203531.51,30244.0,52926.49,237621.43,22095
13,2020-07,79,19435.0,38723.91,14238,164579.08000000002,17512.0,33797.89,140748.57,12717
14,2020-07,87,4298.0,13921.82,3182,54198.49,5358.0,18836.69,68581.52,3961
15,2020-07,88,2204.0,8860.02,1672,34568.99,2882.0,12904.01,48981.38,2157
16,2020-07,90,19775.0,33875.61,14434,150609.49,14545.0,23569.989999999998,106222.82,10706
17,2020-07,100,23489.0,43835.97,17129,187347.98,15282.0,20372.16,102556.29,11323
18,2020-07,107,25530.0,45303.07,18669,201631.78,19502.0,31913.489999999998,141861.53,14328
19,2020-07,113,11730.0,19806.49,8362,88617.52,10189.0,17191.79,75826.1,7558
20,2020-07,114,6378.0,12677.69,4573,52937.43,6058.0,11646.14,48420.54,4359
21,2020-07,116,3706.0,9525.52,2828,42458.19,7060.0,22176.65,87432.09,5153
22,2020-07,120,33.0,161.63,23,786.54,113.0,700.6899999999999,2310.8,82
23,2020-07,125,3148.0,6742.04,2278,28504.1,3136.0,8479.13,37308.52,2365
24,2020-07,127,411.0,2254.78,354,9628.0,1667.0,10398.6,35533.01,1232
25,2020-07,128,52.0,243.21,50,1678.3400000000001,100.0,524.4,2116.84,82
26,2020-07,137,25067.0,54925.340000000004,18452,233829.41,19858.0,33804.44,154445.97,14970
27,2020-07,140,35444.0,72148.20999999999,26115,320377.51,31354.0,52373.51,247772.78,23094
28,2020-07,141,38044.0,59220.1,27794,267210.09,33193.0,44579.93,213052.59,24102
29,2020-07,142,33952.0,54384.5,24463,245466.75,27663.0,38825.61,181568.32,19994
30,2020-07,143,14617.0,25446.120000000003,10687,116712.43,16691.0,24999.989999999998,117301.54000000001,12184
31,2020-07,144,4063.0,8622.96,2952,37892.14,5420.0,11607.39,49792.59,3901
32,2020-07,148,5507.0,13390.24,3984,55133.82,6134.0,14292.33,60451.95,4479
33,2020-07,151,19300.0,33633.87,14021,151909.79,16052.0,26803.95,118704.96,11567
34,2020-07,152,2717.0,6225.16,1964,27292.739999999998,4120.0,10393.32,42198.05,3012
35,2020-07,153,116.0,506.53,100,2717.49,193.0,1229.64,4616.77,152
36,2020-07,158,2369.0,4754.79,1708,20323.98,5412.0,11431.76,49008.590000000004,3977
37,2020-07,161,27358.0,44151.369999999995,20266,203134.13,27729.0,34085.1,168737.63999999998,20448
38,2020-07,162,30226.0,49680.94,22688,225163.66,23765.0,31899.19,155163.24,17666
39,2020-07,163,19360.0,32213.510000000002,14290,147030.35,18799.0,23897.829999999998,116384.84,13723
40,2020-07,164,16006.0,28180.78,11771,126906.24,14647.0,21195.91,101566.2,10793
41,2020-07,166,9366.0,17901.79,6646,81548.39,10313.0,20508.61,86828.46,7520
42,2020-07,170,34371.0,61064.28,25583,277939.5,31610.0,44253.22,212295.06,23278
43,2020-07,186,45078.0,87100.82,33096,369451.14,21414.0,29605.04,143964.99,15812
44,2020-07,194,80.0,403.18,73,2165.7000000000003,197.0,813.85,3483.24,141
45,2020-07,202,102.0,449.61,85,2109.86,757.0,3030.93,12082.460000000001,588
46,2020-07,209,1455.0,4875.29,1076,19719.88,2110.0,6974.91,26362.17,1542
47,2020-07,211,3488.0,6765.07,2472,29037.51,5170.0,10720.78,45598.409999999996,3832
48,2020-07,224,2109.0,4361.84,1613,19468.22,5125.0,9582.02,40411.56,3717
49,2020-07,229,24601.0,38025.72,18136,169426.03,22585.0,30879.739999999998,148383.44,16565
50,2020-07,230,15367.0,27853.99,11272,119574.17,12419.0,16298.15,77272.14,9135
51,2020-07,231,8061.0,58032.94,5891,90907.71,10233.0,28569.72,116374.09,7436
52,2020-07,232,1380.0,4884.22,1161,25642.74,6137.0,17587.13,72847.48,4631
53,2020-07,233,15912.0,27866.39,11813,121293.21,17075.0,25923.55,116292.77,12297
54,2020-07,234,23286.0,38891.1,16782,175140.63,19062.0,27812.64,129421.67,13948
55,2020-07,236,46235.0,67689.3,33485,319765.45,43786.0,94879.73,273084.1,31796
56,2020-07,237,49879.0,68357.18,36244,328937.05,40911.0,47500.31,243576.55,30031
57,2020-07,238,32703.0,56120.44,23445,248558.13,29241.0,46420.83,209707.76,21127
58,2020-07,239,32713.0,49946.53,23415,227660.34,28143.0,40743.61,186878.52,20460
59,2020-07,243,673.0,2418.14,587,13649.630000000001,3762.0,20492.93,70245.29,2811
60,2020-07,244,2947.0,10270.29,2380,45551.82,7897.0,38264.49,135879.09,5981
61,2020-07,246,6020.0,13793.25,4391,61579.22,11278.0,19996.54,93047.15,8281
62,2020-07,249,15692.0,28081.65,11265,121134.62,13304.0,22552.96,97517.56,9625
63,2020-07,261,2714.0,8563.47,1949,33780.69,2599.0,8348.29,31228.89,1885
64,2020-07,262,16875.0,28805.04,12411,126380.98,18235.0,29036.77,129131.29000000001,13121
65,2020-07,263,35176.0,57607.04,25573,256330.75,28710.0,44224.01,196040.6,20947
66,2020-08,4,1359.0,3443.91,1089,17941.49,7445.0,15356.62,65234.93,5276
67,2020-08,12,310.0,1070.07,199,3927.52,476.0,1438.39,5272.6900000000005,319
68,2020-08,13,4443.0,13192.48,3104,49952.94,6090.0,20089.43,73096.46,4340
69,2020-08,24,6810.0,12595.89,4964,56863.07,7504.0,14048.67,60916.01,5438
70,2020-08,41,12777.0,22821.22,9428,110211.65,18463.0,37539.58,163607.99,13266
71,2020-08,42,7240.0,17397.91,5786,86132.59,15541.0,181909.9,180918.33000000002,11397
72,2020-08,43,23173.0,34030.79,15782,156700.98,17966.0,24790.74,114715.42,12117
73,2020-08,45,1516.0,4782.28,1097,21636.19,3181.0,8529.02,35363.6,2228
74,2020-08,48,43134.0,72319.08,30201,317479.79,37895.0,52468.1,435814.94999999995,26748
75,2020-08,50,11115.0,24913.44,8241,116174.74,17389.0,32883.38,150058.4,12646
76,2020-08,68,29686.0,69424.72,21649,304050.41,26926.0,40806.71,190111.03,19221
77,2020-08,74,13970.0,28640.97,10326,131544.44,24383.0,51467.42,220654.62,17606
78,2020-08,75,25916.0,49192.72,18898,223861.89,34883.0,84753.35,269537.26,25059
79,2020-08,79,28309.0,51376.61,19967,221334.35,25320.0,46108.3,195614.61,17942
80,2020-08,87,6296.0,19920.07,4491,76384.48,7730.0,25603.85,92803.44,5431
81,2020-08,88,3523.0,13342.33,2519,49545.12,3806.0,15352.25,55726.86,2730
82,2020-08,90,27183.0,43954.05,19191,197244.26,20011.0,30680.03,139294.53,14240
83,2020-08,100,28212.0,50139.47,20284,222129.6,20063.0,26148.74,130879.13,14284
84,2020-08,107,34133.0,103673.37000000001,24365,257467.7,26620.0,42499.57,189613.13,19352
85,2020-08,113,17550.0,28287.98,12380,129836.94,15131.0,24618.920000000002,109338.99,10776
86,2020-08,114,11051.0,19654.54,7570,83962.58,9862.0,16802.89,72549.26,6875
87,2020-08,116,3825.0,9762.3,2845,43864.14,7849.0,24534.010000000002,98014.39,5762
88,2020-08,120,25.0,128.56,20,628.96,118.0,721.5600000000001,2416.83,99
89,2020-08,125,4256.0,8460.31,2979,35560.8,3985.0,9129.53,39856.97,2939
90,2020-08,127,479.0,1991.57,374,9657.37,1737.0,11825.07,38969.63,1327
91,2020-08,128,67.0,404.82,63,2038.96,146.0,800.42,2679.14,98
92,2020-08,137,29724.0,60510.12,21283,259587.76,25598.0,40951.53,185813.68,18653
93,2020-08,140,41919.0,80832.29,30454,365108.41,37475.0,128871.79,289815.66,27095
94,2020-08,141,47086.0,124437.22,33570,321170.61,43165.0,57301.41,274251.83,30792
95,2020-08,142,41786.0,92970.22,30041,487168.05,35658.0,50427.33,234524.26,25659
96,2020-08,143,18637.0,31368.489999999998,13416,144885.33000000002,21252.0,32332.27,149564.23,15199
97,2020-08,144,7383.0,14635.58,5128,63850.909999999996,8405.0,16368.94,72461.27,5906
98,2020-08,148,7448.0,17228.42,5294,70878.81,8822.0,18730.28,80357.22,6168
99,2020-08,151,22556.0,38096.159999999996,16081,174335.37,19533.0,32488.27,145561.16,13763
100,2020-08,152,2939.0,6907.47,2049,29560.14,4892.0,11683.37,47539.21,3413
101,2020-08,153,111.0,687.3,102,3138.98,191.0,1300.55,5110.46,163
102,2020-08,158,4228.0,7887.26,2974,35401.43,7882.0,69174.54,63385.54,5607
103,2020-08,161,38830.0,60086.16,28069,281562.08,35356.0,42675.32,211077.52,25425
104,2020-08,162,40936.0,62455.85,29309,283852.1,31278.0,40241.229999999996,197622.49,22643
105,2020-08,163,25968.0,40661.13,18672,188162.54,23742.0,30371.08,147592.17,17218
106,2020-08,164,23437.0,37390.38,16553,172124.81,20599.0,28813.13,136375.82,14649
107,2020-08,166,10383.0,20478.97,7612,93087.13,12733.0,94338.24000000002,111110.96,9228
108,2020-08,170,46642.0,77760.9,33442,353961.08,42193.0,57551.89,273426.46,30354
109,2020-08,186,55189.0,104213.87,40062,452555.61,27281.0,35873.69,176834.62,19601
110,2020-08,194,102.0,468.78000000000003,92,3069.07,287.0,1462.8500000000001,6534.31,230
111,2020-08,202,119.0,555.9,102,2799.55,1073.0,4198.58,16100.32,779
112,2020-08,209,2609.0,7545.14,1771,30186.02,3139.0,9995.63,37807.86,2227
113,2020-08,211,5651.0,10298.46,3918,44816.63,7981.0,14798.15,64416.4,5541
114,2020-08,224,2795.0,5473.41,2072,24773.31,6571.0,150675.91,52523.590000000004,4744
115,2020-08,229,31374.0,46944.28,22714,210846.03,30104.0,78548.3,198591.72,21511
116,2020-08,230,20753.0,35532.07,14648,154277.23,15856.0,21506.46,100456.63,11454
117,2020-08,231,11772.0,29423.8,8286,122276.51,14426.0,36530.47,149002.85,10145
118,2020-08,232,1749.0,6177.04,1437,31196.47,7891.0,105547.45999999999,87503.88,5780
119,2020-08,233,20526.0,171562.80999999997,14612,147259.81,22259.0,32441.21,148464.52,15824
120,2020-08,234,33739.0,120007.94000000002,23659,240463.02,27302.0,37312.65,175446.81,19353
121,2020-08,236,57822.0,82030.54,41276,392058.2,57445.0,75424.46,359892.97000000003,41127
122,2020-08,237,64774.0,86088.53,46289,418911.12,54686.0,62761.21,321437.33,39344
123,2020-08,238,39775.0,66251.94,28461,299075.25,37294.0,58485.6,264759.03,26421
124,2020-08,239,41731.0,62248.07,29649,286869.89,36823.0,51814.32,239853.6,26187
125,2020-08,243,729.0,2924.13,620,14801.08,4105.0,22801.42,78226.21,3043
126,2020-08,244,3591.0,11568.300000000001,2700,52016.59,9348.0,43514.62,154802.27,6894
127,2020-08,246,9690.0,18960.1,6838,86326.24,15848.0,25478.81,120686.66,11278
128,2020-08,249,23336.0,39427.81,16405,171910.71,19368.0,30540.329999999998,136257.85,13684
129,2020-08,261,4520.0,13024.15,3039,51026.01,4025.0,12344.18,46133.52,2768
130,2020-08,262,21762.0,35946.59,15697,160274.79,23025.0,36939.81,164308.91,16384
131,2020-08,263,41565.0,66220.9,29903,296974.85,35781.0,54300.7,240729.66,25637
132,2020-09,4,1756.0,23178.84,1339,20883.97,9269.0,18217.36,77996.0,6501
133,2020-09,12,427.0,1213.67,273,4515.95,693.0,1831.83,6884.29,449
134,2020-09,13,6793.0,20124.41,4854,75670.04,9669.0,29089.5,107820.51,6696
135,2020-09,24,8939.0,15639.23,6428,72213.06,9695.0,17388.239999999998,76072.62,6830
136,2020-09,41,14521.0,143625.62,10641,121453.55,22301.0,45318.96,199313.45,15984
137,2020-09,42,8006.0,18596.57,6033,88158.17,17806.0,50236.07,208700.3,12875
138,2020-09,43,38293.0,54126.65,25673,255678.77,28436.0,38175.28,181682.36,19229
139,2020-09,45,2002.0,5773.4800000000005,1471,25207.02,3995.0,10671.75,43282.17,2887
140,2020-09,48,53321.0,87353.51,37390,387268.4,45947.0,63565.83,300384.17,32895
141,2020-09,50,13573.0,43479.92,9698,109471.9,21278.0,32305.19,149272.45,15126
142,2020-09,68,38973.0,69934.02,28021,310223.19,37010.0,53623.45,250135.72,26084
143,2020-09,74,16143.0,31496.48,11535,143755.85,28449.0,57832.09,250594.01,20407
144,2020-09,75,30980.0,120947.13,22444,262535.08,43384.0,73086.95,332296.62,31005
145,2020-09,79,38899.0,67631.05,26898,292560.59,34010.0,57650.62,253001.95,23869
146,2020-09,87,8762.0,202357.06999999998,6045,99192.27,9936.0,31263.97,115515.49,7070
147,2020-09,88,4447.0,15979.83,3220,58108.1,4780.0,16080.79,56214.51,3340
148,2020-09,90,37883.0,58087.77,26668,267587.66,26915.0,39564.53,182273.7,19277
149,2020-09,100,33608.0,60089.27,24435,267257.99,24769.0,31447.09,157523.21,17518
150,2020-09,107,44790.0,72337.68,31872,332430.45,35970.0,53905.35,246652.61,25781
151,2020-09,113,26066.0,207182.02000000002,18264,191175.73,22211.0,53079.85,156643.16,15884
152,2020-09,114,16671.0,27873.89,11329,122215.41,14370.0,23559.72,104731.93000000001,9922
153,2020-09,116,4340.0,10354.460000000001,3138,46170.87,8950.0,46890.270000000004,109855.6,6454
154,2020-09,120,19.0,96.57000000000001,15,498.43,85.0,441.95000000000005,1594.26,66
155,2020-09,125,6806.0,12476.55,4766,53841.38,5584.0,10190.33,43870.56,4004
156,2020-09,127,395.0,1574.0,306,7270.08,1954.0,12022.45,39851.42,1453
157,2020-09,128,53.0,376.14,42,1358.97,144.0,890.49,2912.67,109
158,2020-09,137,35404.0,101220.69,25299,297367.61,32127.0,51133.75,233901.76,23145
159,2020-09,140,53391.0,102043.07,38827,459555.58,48295.0,75751.45,367407.36,34868
160,2020-09,141,62209.0,89736.07,44183,423810.33,58978.0,94521.23,376943.92,41788
161,2020-09,142,58272.0,89380.72,41650,415168.41,51593.0,69055.15,331596.64,36636
162,2020-09,143,26535.0,81454.18000000001,18912,193719.5,29848.0,42987.6,205005.44,21034
163,2020-09,144,11023.0,20500.58,7652,91251.18000000001,12563.0,55575.04,103157.8,8620
164,2020-09,148,10301.0,22469.56,7189,92359.05,11717.0,22995.94,101665.57,8141
165,2020-09,151,28488.0,45848.88,20288,215223.27,24972.0,39532.53,182508.57,17577
166,2020-09,152,2922.0,6291.87,2097,27871.99,5376.0,12686.83,52957.07,3801
167,2020-09,153,110.0,544.08,98,2529.33,202.0,1489.48,5607.59,179
168,2020-09,158,7492.0,13308.04,5261,59338.85,13177.0,22083.86,98081.25,9240
169,2020-09,161,58208.0,88643.86,41655,421635.92,50602.0,63799.33,320684.64,36875
170,2020-09,162,55102.0,83599.31,39626,385991.9,42440.0,54347.24,273275.9,30561
171,2020-09,163,37671.0,57461.33,27045,272495.21,34041.0,44467.86,219460.4,24484
172,2020-09,164,33121.0,51983.06,23236,240115.82,28421.0,38649.07,186940.48,20196
173,2020-09,166,13913.0,25766.48,10024,118593.28,17507.0,34449.73,148473.97,12668
174,2020-09,170,60748.0,98176.82,43346,454707.46,55790.0,75375.95,363219.58,39862
175,2020-09,186,66985.0,121652.23,48602,541190.61,34840.0,45474.24,224833.23,25080
176,2020-09,194,77.0,436.66,72,2009.77,383.0,1715.25,6638.33,285
177,2020-09,202,138.0,737.9399999999999,120,3070.97,1242.0,4400.98,16743.78,877
178,2020-09,209,3372.0,10274.28,2394,39854.3,4105.0,12199.81,46815.03,2886
179,2020-09,211,8959.0,16025.44,6143,70007.79000000001,12484.0,22412.41,99646.99,8705
180,2020-09,224,3539.0,6858.89,2667,30894.65,8636.0,14389.3,62803.14,6048
181,2020-09,229,43158.0,62561.91,30848,287754.06,41791.0,56233.229999999996,274887.56,29532
182,2020-09,230,29628.0,50774.41,21013,223822.19,23491.0,32089.12,150698.02,16505
183,2020-09,231,18707.0,43934.97,13325,181376.8,22674.0,52759.94,214135.96,15921
184,2020-09,232,2294.0,7699.86,1789,35298.96,10246.0,24847.46,103106.2,7282
185,2020-09,233,26487.0,42615.27,18613,190461.24,28856.0,41651.56,193003.09,20479
186,2020-09,234,47579.0,71434.13,32864,335618.05,38896.0,52913.42,251829.54,27706
187,2020-09,236,92640.0,126554.76,65555,626255.47,93776.0,117180.41,587512.14,66238
188,2020-09,237,96726.0,122706.22,68601,618445.43,83836.0,94690.9,505397.43,59804
189,2020-09,238,53950.0,85127.63,38415,395865.73,53236.0,80536.5,375237.98,37552
190,2020-09,239,60046.0,86179.51,42504,407034.83999999997,54409.0,74820.45,356266.52,38618
191,2020-09,243,773.0,2854.11,619,13328.19,5026.0,28029.190000000002,94069.88,3695
192,2020-09,244,3739.0,12226.01,2787,51601.47,10361.0,45574.25,160729.0,7451
193,2020-09,246,15463.0,26215.14,10883,119586.05,23769.0,35814.95,168840.88,16814
194,2020-09,249,35683.0,58726.22,24753,257720.09,29087.0,43378.65,198308.63,20515
195,2020-09,261,6684.0,18529.62,4539,71237.45,5922.0,17730.58,65806.63,4106
196,2020-09,262,30510.0,49089.36,22176,224015.5,32835.0,50073.49,230286.62,23162
197,2020-09,263,53297.0,81642.95,37758,374133.94,47677.0,133568.65,320501.46,33712
198,2020-10,4,2162.0,5371.77,1669,25548.59,10939.0,21360.64,93065.63,7813
199,2020-10,12,464.0,1496.1,297,5544.16,748.0,1850.52,7163.71,472
200,2020-10,13,9203.0,26362.9,6481,100613.45,11937.0,35715.47,133135.67,8307
201,2020-10,24,10502.0,17762.01,7362,83074.24,11587.0,20189.62,89935.65,8063
202,2020-10,41,16292.0,27556.21,11568,1131639.15,25129.0,51089.2,224917.66999999998,17858
203,2020-10,42,8244.0,19760.95,6176,92516.86,19289.0,55980.05,1230251.1,14015
204,2020-10,43,49890.0,67580.39,32510,329274.24,35879.0,46007.21,226513.68,23973
205,2020-10,45,2305.0,7146.93,1721,30410.36,4654.0,12160.01,50255.53,3318
206,2020-10,48,64646.0,102681.42,45233,464620.49,56613.0,76834.4,370085.59,39820
207,2020-10,50,16757.0,29115.989999999998,11887,131450.41,26652.0,39304.38,183339.8,18760
208,2020-10,68,48952.0,84935.88,34845,385989.19,47088.0,66235.8,316310.65,32982
209,2020-10,74,17064.0,33321.31,12333,153997.31,31547.0,65067.85,279001.66,22502
210,2020-10,75,36023.0,65103.32,25981,300564.17,50392.0,184997.16,382936.79,35946
211,2020-10,79,52807.0,91508.19,36643,399796.17,45835.0,76225.39,340861.07,31841
212,2020-10,87,10064.0,30606.95,7217,116290.24,12314.0,37482.02,140684.81,8808
213,2020-10,88,5668.0,19560.26,4011,70478.98,5689.0,18443.78,65149.73,3919
214,2020-10,90,46657.0,71703.84,33193,335994.73,35600.0,50012.62,237182.57,25335
215,2020-10,100,39693.0,65580.23,28480,301123.29,29966.0,38012.92,194050.21,21256
216,2020-10,107,56043.0,88256.99,39740,410429.7,46534.0,67363.78,316988.78,33050
217,2020-10,113,35119.0,96635.70999999999,24489,253876.25,29528.0,44211.31,208172.78,21066
218,2020-10,114,24262.0,139248.49,16314,176632.12,19700.0,31037.62,143494.11,13676
219,2020-10,116,4266.0,10875.4,3143,46779.06,9706.0,30957.34,120651.5,6967
220,2020-10,120,25.0,152.11,19,533.1,77.0,544.48,1772.5,66
221,2020-10,125,9269.0,16679.53,6508,72843.72,7839.0,13891.550000000001,61477.6,5476
222,2020-10,127,402.0,1680.74,315,7608.23,2112.0,13058.17,43663.48,1552
223,2020-10,128,55.0,447.99,49,1656.13,147.0,967.6700000000001,3313.13,122
224,2020-10,137,43202.0,80497.97,31209,352071.93,39855.0,61748.24,288127.35,28881
225,2020-10,140,64879.0,121115.98,47178,555495.23,58628.0,193429.62,447050.08,42382
226,2020-10,141,78449.0,110296.64,56063,534640.29,76527.0,95552.37,488313.97,53904
227,2020-10,142,73777.0,287489.05000000005,52029,518818.56,66445.0,87697.09,427461.59,46767
228,2020-10,143,34695.0,52194.9,24430,248106.65,39549.0,56132.25,270776.88,27856
229,2020-10,144,14675.0,26529.87,10065,119005.93,15994.0,28366.98,131491.79,11035
230,2020-10,148,13703.0,28254.18,9473,117579.2,15483.0,29172.29,132866.31,10784
231,2020-10,151,35586.0,55575.84,24937,263908.75,32164.0,49624.39,232197.69,22512
232,2020-10,152,3018.0,6533.23,2167,29537.5,5719.0,13831.27,58279.76,4049
233,2020-10,153,125.0,696.45,111,3010.38,228.0,1557.6200000000001,5890.7,184
234,2020-10,158,12099.0,20608.92,8323,92831.78,17975.0,28910.93,132058.2,12560
235,2020-10,161,78513.0,116429.02,56264,569124.82,68583.0,85152.84,440247.89,49594
236,2020-10,162,71418.0,105488.19,51095,500735.54,54442.0,69171.11,355925.94,39363
237,2020-10,163,52348.0,78207.59,37119,378419.55,45147.0,58771.75,294309.97,32267
238,2020-10,164,42368.0,65918.78,29711,307884.16,36720.0,49322.1,244590.65,25835
239,2020-10,166,16122.0,28425.42,11398,133261.53,20230.0,37309.65,164410.03,14268
240,2020-10,170,73562.0,115828.73,52436,544723.29,69768.0,91774.19,456056.85,49655
241,2020-10,186,79623.0,137528.68,57353,633735.04,44211.0,57392.68,286315.4,31528
242,2020-10,194,96.0,515.85,84,2535.04,506.0,2185.25,7825.92,368
243,2020-10,202,191.0,899.73,166,3571.48,1368.0,5038.46,19092.97,1007
244,2020-10,209,3971.0,11716.12,2850,46239.96,5057.0,15535.12,58665.07,3598
245,2020-10,211,13553.0,23609.95,9302,105918.58,16932.0,29193.71,135138.77,11886
246,2020-10,224,4245.0,8028.91,3211,36531.42,10617.0,17396.26,77506.82,7467
247,2020-10,229,54155.0,77583.73,38563,362865.07,52742.0,69366.75,348417.96,37448
248,2020-10,230,38371.0,63286.63,27014,284668.99,30714.0,42589.01,201398.12,21581
249,2020-10,231,26054.0,57531.94,18191,239949.38,30705.0,70446.21,289336.29,21747
250,2020-10,232,2704.0,8706.57,2084,39157.47,12082.0,29333.42,122414.0,8676
251,2020-10,233,32286.0,51735.99,23006,233837.85,36087.0,51416.39,243192.79,25565
252,2020-10,234,63045.0,94199.95,44160,448773.03,53159.0,69956.34,342257.77,37507
253,2020-10,236,123384.0,160797.06,86340,822054.84,126534.0,196627.63,794284.1900000001,88809
254,2020-10,237,127657.0,159405.72,90431,821126.78,111997.0,123784.16,677702.37,79388
255,2020-10,238,67358.0,103400.73,47326,487771.01,68070.0,100466.1,472382.82,47179
256,2020-10,239,77145.0,107313.69,53671,516014.23,70504.0,96104.79,462387.44,49513
257,2020-10,243,760.0,3310.66,616,14348.26,5334.0,208395.18,100307.65,3872
258,2020-10,244,3998.0,12973.6,2953,54422.62,10965.0,49011.54,171791.84,7982
259,2020-10,246,22077.0,36448.67,15322,167116.32,31395.0,46959.33,223365.74,22204
260,2020-10,249,49115.0,78454.62,34096,353510.69,38834.0,55446.7,260881.69,27171
261,2020-10,261,8388.0,22843.86,5731,89332.81999999999,7451.0,20820.6,79189.42,5076
262,2020-10,262,39965.0,62240.76,28922,290424.17,43009.0,63906.26,300960.43,30122
263,2020-10,263,65954.0,100126.01,46789,468315.04,60135.0,87290.27,405663.61,42396
264,2020-11,4,1850.0,4916.26,1437,21566.57,9841.0,19765.66,84435.28,7044
265,2020-11,12,348.0,1059.36,227,3744.06,633.0,1650.84,6168.88,416
266,2020-11,13,8066.0,23740.9,5809,88539.39,10635.0,31023.21,114563.98,7382
267,2020-11,24,9690.0,16217.52,6780,75560.62,10746.0,18337.21,80570.27,7428
268,2020-11,41,14269.0,25438.77,10195,267752.07,22858.0,75943.3,200004.89,16208
269,2020-11,42,6844.0,73963.01000000001,5188,78805.72,16967.0,50481.06,203093.96,12355
270,2020-11,43,45565.0,62117.64,29888,301100.79,31903.0,41508.97,352631.42,21575
271,2020-11,45,2014.0,5945.78,1497,25107.39,4321.0,10762.27,44128.12,3077
272,2020-11,48,57594.0,92958.47,40539,415446.21,51028.0,69617.9,334453.47,36276
273,2020-11,50,15700.0,27130.010000000002,11184,120918.84,23494.0,35185.66,163829.88,17057
274,2020-11,68,46388.0,82658.24,33146,364370.58,43275.0,62658.86,291474.76,30768
275,2020-11,74,15543.0,30968.44,11331,141842.35,28780.0,60680.69,257738.51,20765
276,2020-11,75,33533.0,61986.2,24075,277905.65,45351.0,75075.48,342089.2,32606
277,2020-11,79,43296.0,76797.32,30564,332537.92,38027.0,64436.47,286418.84,27049
278,2020-11,87,8176.0,24759.33,5823,93706.35,10228.0,31805.06,118566.38,7418
279,2020-11,88,4368.0,14843.47,3131,52629.45,4561.0,15249.72,52893.69,3260
280,2020-11,90,42108.0,65739.02,29999,302971.29,31741.0,45537.36,211128.45,22596
281,2020-11,100,33535.0,56123.47,24216,255969.48,25719.0,32440.4,166144.72,18263
282,2020-11,107,48985.0,78696.01,35257,359920.95,40405.0,110962.43,275168.56,29093
283,2020-11,113,30932.0,49189.44,21904,229549.13999999998,26087.0,39649.29,185505.11,18684
284,2020-11,114,20199.0,33929.01,13859,150061.37,16316.0,97788.76,119543.24,11519
285,2020-11,116,3686.0,9415.45,2691,40572.98,8970.0,29143.13,110246.25,6461
286,2020-11,120,56.0,203.99,29,722.93,110.0,407.99,1428.46,68
287,2020-11,125,7712.0,14762.33,5620,63735.93,6669.0,12017.24,52244.39,4805
288,2020-11,127,303.0,1519.74,264,6308.75,1929.0,11889.1,38414.59,1372
289,2020-11,128,41.0,356.18,41,1248.87,133.0,1038.23,3302.53,110
290,2020-11,137,38291.0,76300.94,28047,322821.91,34797.0,54837.24,252615.84,25584
291,2020-11,140,58715.0,109873.61,42721,496011.9,52701.0,80528.75,395533.66,38106
292,2020-11,141,70233.0,99607.22,50644,478084.62,68333.0,86206.68,433969.38,48527
293,2020-11,142,68939.0,100291.14,48339,474667.42,60533.0,79362.88,388943.46,43105
294,2020-11,143,32256.0,48545.38,22690,227246.45,37207.0,52153.41,251284.54,26098
295,2020-11,144,12924.0,24222.34,9010,107345.04000000001,13877.0,24749.35,113664.1,9694
296,2020-11,148,11183.0,24056.6,7811,99017.3,12891.0,24529.86,110287.41,9042
297,2020-11,151,32765.0,50306.14,22886,236313.45,29667.0,45966.31,210731.03,20622
298,2020-11,152,2687.0,5768.65,1885,24842.79,5130.0,12321.17,50215.66,3598
299,2020-11,153,100.0,565.28,90,2506.68,188.0,1350.97,4733.32,145
300,2020-11,158,10096.0,17249.28,6984,76923.17,15434.0,24841.63,112382.77,10909
301,2020-11,161,69362.0,102724.03,49832,502460.02,59664.0,72607.16,380363.16,43237
302,2020-11,162,63332.0,95197.3,45889,446505.58,48925.0,62313.0,317136.22,35246
303,2020-11,163,44519.0,66770.41,31927,322505.61,36747.0,47611.4,241938.42,26845
304,2020-11,164,36763.0,57871.8,26268,270248.64,31609.0,41328.38,206350.14,22353
305,2020-11,166,14991.0,58830.91,10596,123658.5,18566.0,33785.7,146927.23,13087
306,2020-11,170,64130.0,161358.43,46759,481987.7,61436.0,82758.38,407048.75,44482
307,2020-11,186,66207.0,118832.85,48884,539154.77,36262.0,47412.840000000004,238172.36000000002,26353
308,2020-11,194,86.0,449.46,72,2087.46,446.0,1594.44,6055.16,306
309,2020-11,202,127.0,581.6,111,2674.88,1119.0,4359.13,16307.24,823
310,2020-11,209,3281.0,9403.64,2318,36426.9,4143.0,12560.2,47641.83,2980
311,2020-11,211,11885.0,21418.670000000002,8266,95004.9,14204.0,24841.87,112214.76,10035
312,2020-11,224,4010.0,7662.52,3057,34868.94,9531.0,15645.69,69954.69,6828
313,2020-11,229,48442.0,70312.14,35083,325267.94,47498.0,63157.69,313093.05,34117
314,2020-11,230,33601.0,55652.42,23778,250643.43,26588.0,35697.97,171766.25,18785
315,2020-11,231,22443.0,51118.68,16126,207972.11,25734.0,57557.94,236776.5,18425
316,2020-11,232,2553.0,73341.51999999999,2038,38961.82,10902.0,27122.78,111887.86,7911
317,2020-11,233,27417.0,44340.75,19663,198538.75,31392.0,45275.12,212031.14,22527
318,2020-11,234,55552.0,83940.42,39444,397658.24,46209.0,61802.31,299805.27,32950
319,2020-11,236,113882.0,150886.55,80751,761527.84,115836.0,142249.54,724698.21,82137
320,2020-11,237,114728.0,145032.27,82172,741005.22,99894.0,111793.16,604217.51,71481
321,2020-11,238,63208.0,95564.52,44104,446442.21,63293.0,92775.61,435042.37,44518
322,2020-11,239,70704.0,99064.52,49566,471717.86,65950.0,88200.76,423898.13,46151
323,2020-11,243,651.0,2821.11,537,12842.18,5033.0,27874.95,91861.54,3618
324,2020-11,244,3192.0,11270.13,2388,44967.12,10028.0,45600.21,155737.13999999998,7319
325,2020-11,246,20516.0,33839.6,14134,152397.15,28356.0,42362.46,198507.22,20155
326,2020-11,249,41512.0,68543.34,29297,304871.15,32522.0,87976.53,226701.79,23229
327,2020-11,261,7060.0,20129.33,4960,76535.19,6109.0,17402.45,65570.89,4313
328,2020-11,262,35938.0,56166.88,25803,258051.49,38742.0,56878.23,266433.23,27253
329,2020-11,263,58019.0,88196.4,41991,410104.49,54595.0,78279.9,363231.61,38674
330,2020-12,4,1616.0,5127.87,1333,21001.12,9614.0,18766.42,80723.96,6884
331,2020-12,12,280.0,874.85,182,3197.64,573.0,1453.52,5614.8,355
332,2020-12,13,7080.0,20821.36,5080,77438.58,8958.0,27597.06,100746.33,6305
333,2020-12,24,9255.0,15719.42,6596,72837.41,10242.0,17244.03,76622.01,7177
334,2020-12,41,15216.0,26032.73,10884,124509.97,23540.0,45473.26,200637.07,16618
335,2020-12,42,7497.0,79878.14,5715,86612.78,17246.0,170353.4,201865.62,12666
336,2020-12,43,41571.0,55757.62,27356,273396.36,30663.0,37605.32,188194.89,20402
337,2020-12,45,1736.0,53977.44000000001,1292,22172.54,3871.0,58863.14999999999,39817.47,2755
338,2020-12,48,54252.0,193888.44,37981,383785.78,49214.0,67137.25,325656.26,34530
339,2020-12,50,14994.0,25122.0,10656,113543.85,22985.0,60272.83,165313.18,16374
340,2020-12,68,44532.0,76498.06,31367,343052.94,41678.0,58756.11,277139.0,29468
341,2020-12,74,17223.0,233874.94,12480,152108.11,29221.0,254988.7,253825.03,20856
342,2020-12,75,34382.0,63086.55,24897,284191.15,46138.0,75109.38,345390.26,33288
343,2020-12,79,35392.0,59545.12,25304,266956.61,32959.0,55178.87,246239.33,23346
344,2020-12,87,7209.0,71141.62,5155,81523.88,9307.0,77564.26999999999,105176.41,6534
345,2020-12,88,3899.0,13164.56,2746,46798.85,4374.0,15030.130000000001,51703.04,3087
346,2020-12,90,39516.0,59590.78,28355,280397.16,29515.0,67902.93000000001,197343.38,21371
347,2020-12,100,34355.0,57718.37,24972,265323.62,27459.0,34498.75,178244.33,19278
348,2020-12,107,45948.0,83028.79000000001,32968,335168.57,38153.0,103641.8,256749.29,27521
349,2020-12,113,28518.0,91110.87,20325,207665.99,24684.0,36633.56,173115.42,17725
350,2020-12,114,16487.0,26631.48,11439,121283.51,14325.0,22935.81,104190.23,10064
351,2020-12,116,3991.0,10029.64,2902,43149.85,8797.0,28009.12,108172.53,6365
352,2020-12,120,24.0,169.10999999999999,21,682.83,96.0,477.76,1782.65,69
353,2020-12,125,6750.0,12060.72,4817,52607.130000000005,5828.0,10883.33,46629.67,4252
354,2020-12,127,425.0,1791.18,340,8218.1,1903.0,12084.9,40299.32,1431
355,2020-12,128,70.0,666.3100000000001,69,2202.49,172.0,1142.23,3632.4500000000003,130
356,2020-12,137,37480.0,151234.33999999997,27506,314935.83,33960.0,52754.77,243071.66,24728
357,2020-12,140,58936.0,108369.51,42638,489462.54,53863.0,79786.1,392522.83,38887
358,2020-12,141,69297.0,95510.05,49697,460052.03,65860.0,128468.26999999999,409635.31,46683
359,2020-12,142,67468.0,96045.7,47283,458303.47,58578.0,73969.75,368415.74,41598
360,2020-12,143,30964.0,94638.2,21684,215209.87,35004.0,47568.5,232726.93,24857
361,2020-12,144,11694.0,21646.27,8238,97530.17,12181.0,22408.94,101403.19,8542
362,2020-12,148,8684.0,18064.81,6134,75591.98,10787.0,21823.63,95498.48999999999,7706
363,2020-12,151,32861.0,51106.68,23032,239971.6,30037.0,45844.96,212317.0,20971
364,2020-12,152,2881.0,5954.43,2017,26090.62,5371.0,12582.84,52052.85,3804
365,2020-12,153,97.0,492.27,83,2273.64,205.0,1227.41,4888.01,164
366,2020-12,158,8126.0,40322.38,5652,62031.700000000004,13070.0,21914.47,97956.18,9400
367,2020-12,161,72773.0,106418.92,51496,525288.11,62436.0,75437.57,404941.27,44887
368,2020-12,162,60040.0,88214.5,43321,418653.9,46840.0,58753.51,304163.35,33744
369,2020-12,163,47936.0,70147.58,34176,344529.59,40096.0,49970.36,256788.78,28661
370,2020-12,164,36160.0,55750.53,25720,264476.02,31902.0,41966.78,608791.8,22336
371,2020-12,166,14480.0,92095.1,10303,121701.1,18029.0,33180.13,144302.38,12714
372,2020-12,170,62055.0,98944.90000000001,44684,859888.96,58747.0,428303.28,384686.23,42168
373,2020-12,186,61383.0,108982.76,45765,497368.88,35690.0,45958.05,232214.12,25429
374,2020-12,194,203.0,784.81,138,3622.68,469.0,1821.38,7266.78,342
375,2020-12,202,123.0,620.02,96,2396.63,1047.0,3863.17,14542.84,760
376,2020-12,209,2968.0,8728.91,2015,33468.07,3834.0,11532.369999999999,43115.33,2703
377,2020-12,211,10601.0,19275.1,7495,86062.3,13500.0,24219.23,109633.57,9611
378,2020-12,224,3953.0,7590.05,3007,33638.59,9366.0,15377.88,68061.89,6576
379,2020-12,229,45668.0,65007.74,32972,303009.56,45137.0,58364.14,295098.36,32299
380,2020-12,230,37340.0,59743.93,25869,274049.93,29354.0,37081.42,185848.15,20176
381,2020-12,231,19095.0,45031.32,13919,185085.82,22975.0,100893.48999999999,215674.94,16452
382,2020-12,232,1966.0,7166.52,1572,31656.48,10337.0,426599.01,105022.21,7418
383,2020-12,233,26241.0,41960.13,18760,188628.62,29568.0,42286.76,200990.55,21443
384,2020-12,234,52705.0,77917.24,37592,376641.22,43848.0,106212.65999999999,283490.87,31569
385,2020-12,236,112933.0,146335.42,79748,746081.08,112392.0,133292.3,686698.54,79491
386,2020-12,237,113854.0,140367.46,81634,727533.32,97702.0,105694.90000000001,585298.68,70198
387,2020-12,238,63213.0,94704.35,43541,439744.54000000004,62295.0,89764.08,420556.11,43552
388,2020-12,239,70434.0,94800.78,48475,455121.22,63700.0,147906.0,401311.44,44421
389,2020-12,243,633.0,2647.62,528,11782.11,4758.0,25515.84,85923.0,3458
390,2020-12,244,3724.0,12510.5,2748,50733.700000000004,9978.0,46103.93,155037.56,7274
391,2020-12,246,21455.0,34010.43,14420,156170.38999999998,28334.0,40182.08,193138.63999999998,19765
392,2020-12,249,34264.0,53590.51,24273,250813.44999999998,28861.0,42771.64,198997.63,20666
393,2020-12,261,6029.0,17449.65,4281,66965.62,5675.0,17117.04,63528.33,4055
394,2020-12,262,35721.0,54407.86,25617,251740.5,37933.0,54436.31,258421.21,26821
395,2020-12,263,56676.0,83931.35,40713,393589.37,52857.0,72708.29,344043.13,37470
396,2021-01,4,976.0,5047.36,1157,20628.86,8360.0,19115.04,77353.20999999999,6260
397,2021-01,12,230.0,808.88,170,2849.66,435.0,1355.77,4796.55,307
398,2021-01,13,5901.0,17707.84,4393,65373.69,7790.0,26150.15,92185.25,5603
399,2021-01,24,9114.0,16180.63,6676,72792.42,9920.0,18642.81,78103.8,7121
400,2021-01,41,13407.0,63100.6,10303,115894.34999999999,20978.0,70669.0,192130.16999999998,15837
401,2021-01,42,5397.0,16828.9,5173,78121.01,14565.0,47539.590000000004,191447.77,11858
402,2021-01,43,38921.0,54574.37,26286,253848.58,28295.0,37550.15,177437.41999999998,19422
403,2021-01,45,1471.0,35416.490000000005,1273,21762.31,3271.0,9543.89,37982.98,2577
404,2021-01,48,48154.0,78943.65,34832,348125.15,43896.0,116768.09999999999,295984.94,31897
405,2021-01,50,12450.0,22961.56,9434,99546.88,19932.0,98703.70000000001,145705.38,14971
406,2021-01,68,39615.0,70713.78,28982,307074.1,36995.0,56962.03,255603.98,26955
407,2021-01,74,14591.0,31152.89,11971,143345.76,26527.0,196656.69,244175.22,20381
408,2021-01,75,31925.0,61617.1,24650,275852.91,43810.0,75448.48,336487.88,32598
409,2021-01,79,31501.0,138530.32,23088,234771.58000000002,29803.0,58423.68,241772.04,21960
410,2021-01,87,6163.0,20917.1,4759,77667.41,7816.0,29293.64,101776.95,5972
411,2021-01,88,3336.0,12229.36,2540,43543.93,3619.0,13566.62,45438.37,2704
412,2021-01,90,34635.0,53724.38,25583,242860.26,27010.0,42224.03,188678.51,19990
413,2021-01,100,30427.0,126219.06,22575,226032.46,23587.0,82336.66,151306.25,17205
414,2021-01,107,42416.0,70289.31,31526,315953.97,36060.0,172396.81999999998,256040.12,26638
415,2021-01,113,25149.0,39106.61,18336,179735.81,21797.0,36222.65,157825.54,16163
416,2021-01,114,13723.0,22908.73,9801,99749.03,12629.0,22795.08,96521.02,9122
417,2021-01,116,3343.0,61746.85,2889,43418.85,7498.0,26448.48,100943.32,5946
418,2021-01,120,23.0,142.01999999999998,29,818.9300000000001,140.0,727.01,2470.62,104
419,2021-01,125,6192.0,11048.55,4450,47499.3,5424.0,10980.06,44662.38,3969
420,2021-01,127,280.0,265319.02,357,9220.81,1758.0,13220.3,42362.33,1486
421,2021-01,128,16.0,522.09,60,1969.57,73.0,797.47,2629.59,93
422,2021-01,137,36687.0,75762.89,28090,316566.14,31962.0,55330.83,245776.26,24604
423,2021-01,140,56150.0,106557.96,41621,474855.89,50738.0,81581.36,379360.18,37778
424,2021-01,141,64272.0,90250.86,46435,418673.19,61240.0,80664.66,383384.66,44385
425,2021-01,142,58793.0,85671.52,42113,396191.86,53018.0,71986.45,337532.17,38251
426,2021-01,143,28562.0,43495.67,20442,200171.15,32622.0,48329.68,224892.36,23780
427,2021-01,144,9768.0,18748.16,7090,81309.70999999999,10767.0,51874.45,92094.04000000001,7765
428,2021-01,148,7292.0,16873.73,5531,69024.06999999999,10310.0,23315.95,96882.63,7651
429,2021-01,151,29829.0,48866.12,21565,222511.07,26476.0,43905.89,194448.17,19135
430,2021-01,152,2736.0,5869.66,2028,25792.08,4449.0,11191.77,45847.770000000004,3318
431,2021-01,153,17.0,512.41,89,2511.06,106.0,1340.27,5238.0199999999995,176
432,2021-01,158,6364.0,11580.76,4741,50757.229999999996,12299.0,22150.94,94363.24,8935
433,2021-01,161,59589.0,90663.48,43922,418072.06,52520.0,66034.01,321696.25,38597
434,2021-01,162,55715.0,83884.09,40697,379217.41,40594.0,54864.8,262267.44,30181
435,2021-01,163,39059.0,58836.73,28671,273855.0,32390.0,43880.12,208788.57,23876
436,2021-01,164,30432.0,48764.17,22412,220547.99000000002,27499.0,38791.19,181561.06,20074
437,2021-01,166,13780.0,26219.43,10266,117336.45,17260.0,37170.04,151768.62,12679
438,2021-01,170,57819.0,182773.66,43215,431109.41,54501.0,128993.54000000001,365952.31,40392
439,2021-01,186,59599.0,105235.34,44181,458355.2,32119.0,43429.58,207722.65,23562
440,2021-01,194,100.0,509.71999999999997,93,2474.27,289.0,1669.99,6710.21,303
441,2021-01,202,30.0,440.87,85,1944.19,900.0,4004.74,14335.87,694
442,2021-01,209,2238.0,7476.03,1779,28807.6,3253.0,11560.710000000001,41437.24,2461
443,2021-01,211,8297.0,16498.43,6122,71550.8,11270.0,20908.85,90280.25,8087
444,2021-01,224,3144.0,6669.29,2595,29194.3,8352.0,15508.49,65494.31,6114
445,2021-01,229,41611.0,60508.44,30319,272763.96,41459.0,56719.43,268676.76,30033
446,2021-01,230,28162.0,46402.25,20201,202633.13,21969.0,30790.47,139472.55,15582
447,2021-01,231,16519.0,45577.08,13255,184326.88,20648.0,53141.54,209875.4,15558
448,2021-01,232,1375.0,7275.78,1641,33282.12,9287.0,25659.5,103654.13,7307
449,2021-01,233,23150.0,38361.32,17112,168591.5,26947.0,41557.61,187787.95,20028
450,2021-01,234,47054.0,71631.46,33886,327195.71,39515.0,56344.72,259599.13,29029
451,2021-01,236,103391.0,137814.71,74398,667098.27,102366.0,127766.34,628746.37,73699
452,2021-01,237,100620.0,179033.6,73028,624386.14,86275.0,97693.38,499198.21,62567
453,2021-01,238,57288.0,139498.05,40641,402118.02,57424.0,87538.72,394373.5,40956
454,2021-01,239,65329.0,90376.83,45486,419616.07,59021.0,82879.67,380483.32,42040
455,2021-01,243,374.0,2198.83,486,10476.58,4264.0,64758.840000000004,84648.45,3372
456,2021-01,244,4140.0,16509.66,3466,65763.46,10682.0,103464.62,178604.46,8320
457,2021-01,246,17660.0,30479.05,12518,133013.87,25578.0,39564.65,179467.45,18354
458,2021-01,249,30983.0,49338.52,22388,217518.08,25949.0,42777.36,184665.13999999998,18914
459,2021-01,261,5127.0,15733.62,3844,58944.3,5112.0,16884.82,60871.06,3825
460,2021-01,262,32572.0,50249.88,23835,228049.54,35025.0,53062.25,238851.95,25220
461,2021-01,263,52673.0,79928.96,38868,364034.45,48799.0,72677.45,324774.02,35361
462,2021-02,4,1217.0,4271.36,1280,22650.39,8545.0,18497.14,78678.22,6520
463,2021-02,12,189.0,593.85,130,2137.02,408.0,1270.8899999999999,4687.87,280
464,2021-02,13,5551.0,16960.38,4103,63585.53,7722.0,25220.18,92221.5,5649
465,2021-02,24,8771.0,15843.62,6451,72863.94,9460.0,16942.33,74617.24,6786
466,2021-02,41,13872.0,24755.22,10736,121466.84,20908.0,42418.24,190561.74,15626
467,2021-02,42,5703.0,17019.58,5448,79563.19,14388.0,46449.770000000004,193902.77,11823
468,2021-02,43,37603.0,53251.07,25509,253514.46,27908.0,37490.65,182279.71,19303
469,2021-02,45,1589.0,5402.65,1375,23284.64,3422.0,10160.34,42090.5,2768
470,2021-02,48,48529.0,299184.05000000005,35726,367755.37,44003.0,64353.25,304934.24,32322
471,2021-02,50,12946.0,23420.66,9753,104887.55,19708.0,30677.15,143783.99,14785
472,2021-02,68,39322.0,69763.63,29145,311916.2,37728.0,56268.63,264716.79,27795
473,2021-02,74,14168.0,29880.7,11515,138878.31,25501.0,55846.4,242243.66,19646
474,2021-02,75,30871.0,60049.61,23797,274819.7,41773.0,71389.74,332512.92,31391
475,2021-02,79,36222.0,61838.3,26495,275725.13,32164.0,56708.61,251033.93,23714
476,2021-02,87,6466.0,20796.45,4885,78922.96,8015.0,27889.16,102644.45,6095
477,2021-02,88,3174.0,11750.82,2392,41695.46,3519.0,104738.84000000001,46188.18,2709
478,2021-02,90,35182.0,54001.49,25963,250147.62,26340.0,38792.6,181670.03,19545
479,2021-02,100,28804.0,48248.42,21405,225144.61,22494.0,29796.11,149836.46,16690
480,2021-02,107,43853.0,72693.94,32527,335839.67,36349.0,276653.33,257615.06,26711
481,2021-02,113,24895.0,39663.56,18342,186502.22,22174.0,35462.3,163405.96,16434
482,2021-02,114,14774.0,26102.37,10746,112718.76,13463.0,23962.48,102876.51,9808
483,2021-02,116,3499.0,10205.43,2983,44041.74,7519.0,25155.49,99603.5,5835
484,2021-02,120,12.0,176.52,18,788.47,54.0,366.82,1286.62,50
485,2021-02,125,6660.0,11977.35,4879,52865.15,5783.0,11264.95,48556.86,4274
486,2021-02,127,240.0,2343.82,346,9004.710000000001,1633.0,41248.65,38649.5,1383
487,2021-02,128,28.0,282.23,43,1017.11,119.0,910.09,3007.04,106
488,2021-02,137,37276.0,79168.86,29060,336429.19,33040.0,55658.6,258781.43,25356
489,2021-02,140,54548.0,106089.14,40630,476526.08,48993.0,81086.73,390153.63,37310
490,2021-02,141,63069.0,91556.43,46222,435844.89,61890.0,80216.22,397689.13,44435
491,2021-02,142,59968.0,88875.12,43083,417244.84,52368.0,70407.15,339848.6,38105
492,2021-02,143,28319.0,87442.71,20442,205538.02,33505.0,48331.15,232548.15,24238
493,2021-02,144,10104.0,19694.53,7415,87601.22,11448.0,21754.87,98044.8,8307
494,2021-02,148,9078.0,19951.78,6747,84084.57,12052.0,25417.28,112170.1,8882
495,2021-02,151,28205.0,46454.96,20425,218906.75,26055.0,42869.11,197171.54,18943
496,2021-02,152,2843.0,6920.65,2220,29997.82,4613.0,12133.83,50577.63,3598
497,2021-02,153,56.0,465.34000000000003,82,2089.62,120.0,1067.16,4213.3,147
498,2021-02,158,6829.0,12834.25,5105,57431.65,13053.0,22840.13,100982.11,9503
499,2021-02,161,58420.0,89122.05,43264,431474.52,51022.0,65756.68000000001,330719.72000000003,38092
500,2021-02,162,54390.0,82056.04,40085,382471.01,39954.0,53183.22,265944.66,29846
501,2021-02,163,39790.0,59737.58,29314,285273.64,33707.0,44626.72,220040.64,24834
502,2021-02,164,31083.0,49385.24,22876,231452.39,28108.0,39019.96,190237.06,20613
503,2021-02,166,14702.0,27740.25,10801,127143.63,17659.0,33982.48,148675.56,13002
504,2021-02,170,56670.0,94750.91,42759,440341.62,54621.0,77467.87,376888.89,40580
505,2021-02,186,60729.0,102903.99,44296,466707.28,32261.0,43298.51,215000.83,23968
506,2021-02,194,62.0,541.35,83,2563.89,233.0,1623.1100000000001,6366.55,257
507,2021-02,202,53.0,683.5600000000001,107,2848.81,984.0,4217.68,15404.83,770
508,2021-02,209,2042.0,6767.21,1629,26180.41,3324.0,11423.46,42238.84,2550
509,2021-02,211,8521.0,203790.71999999997,6426,76740.8,11185.0,20826.18,93509.34,8165
510,2021-02,224,3055.0,6252.12,2431,28463.55,7946.0,13939.42,61743.630000000005,5883
511,2021-02,229,42433.0,62267.34,30995,288425.43,42138.0,57367.3,282747.9,30805
512,2021-02,230,29037.0,85507.73,21325,222449.87,22763.0,31306.78,147490.64,16257
513,2021-02,231,17534.0,235206.69,13846,196658.09,21394.0,52742.04,221922.63999999998,15905
514,2021-02,232,1478.0,7723.38,1740,33457.07,9089.0,141843.19999999998,103941.26,7199
515,2021-02,233,24734.0,43158.55,18412,188958.48,27982.0,42045.91,197693.28,20780
516,2021-02,234,46630.0,71641.92,34159,339007.34,39009.0,55506.2,269146.01,29026
517,2021-02,236,104205.0,140108.33000000002,74895,702869.34,101577.0,219334.78999999998,648141.71,73308
518,2021-02,237,101020.0,129603.66,72884,653976.65,85152.0,98155.95,518878.66000000003,61974
519,2021-02,238,57246.0,90091.12,41127,421249.95,57348.0,87700.35,405297.44,41056
520,2021-02,239,63728.0,90121.93,45034,430554.14,59056.0,81826.43,390339.34,42310
521,2021-02,243,502.0,32219.370000000003,546,11484.2,4090.0,23322.28,79033.41,3180
522,2021-02,244,5013.0,19717.99,4107,79145.38,10980.0,51871.04,187846.16999999998,8659
523,2021-02,246,21603.0,40060.409999999996,15544,176231.25,27623.0,44502.58,207163.09,20343
524,2021-02,249,34262.0,54442.21,24383,245702.6,27547.0,42824.4,195844.19,20143
525,2021-02,261,4744.0,14417.11,3604,55119.03,4721.0,15211.19,56492.61,3531
526,2021-02,262,33126.0,52380.21,24167,242457.6,35185.0,53344.54,249337.05,25449
527,2021-02,263,52986.0,81879.85,38896,380614.03,49305.0,73073.63,337753.95,35750
528,2021-03,4,1909.0,6690.08,1929,30316.01,12019.0,25441.91,108799.52,9016
529,2021-03,12,399.0,1312.5,274,4752.65,699.0,2029.18,7605.39,467
530,2021-03,13,9108.0,27196.79,6586,101855.34,12133.0,97336.06999999999,140536.2,8806
531,2021-03,24,11731.0,21577.99,8636,97211.56,12657.0,23137.58,99605.4,9116
532,2021-03,41,17932.0,33916.31,13961,160999.02,27152.0,57932.36,258710.52,20386
533,2021-03,42,7835.0,24051.14,7332,108425.2,19275.0,63680.369999999995,260710.21,15839
534,2021-03,43,50841.0,74098.48,35042,348081.51,37678.0,51994.8,246891.32,26087
535,2021-03,45,2304.0,7660.63,1944,32044.95,5256.0,14201.19,58554.65,3948
536,2021-03,48,68558.0,307917.64,50519,517228.88,62075.0,184986.44,432468.32,45592
537,2021-03,50,18461.0,33660.12,13794,149008.93,27262.0,43486.13,201814.31,20531
538,2021-03,68,56126.0,98995.65,41605,443668.17,52808.0,338608.20999999996,376542.51,38685
539,2021-03,74,18140.0,40173.53,14665,181826.56,33777.0,75128.45,319783.56,25852
540,2021-03,75,39216.0,113596.33,30484,354902.95,53759.0,99164.98,440455.48,40810
541,2021-03,79,53004.0,197639.18,38399,405803.79,47643.0,84649.04000000001,371578.31,34706
542,2021-03,87,10186.0,32089.7,7641,121030.9,11987.0,41507.94,151450.79,9081
543,2021-03,88,5344.0,18768.64,3901,68154.28,6024.0,78698.51,76333.31,4484
544,2021-03,90,49250.0,77380.94,36536,356609.65,37680.0,97238.13,262094.25,27852
545,2021-03,100,41239.0,70322.51,30632,317002.99,33932.0,45543.82,225814.85,24882
546,2021-03,107,61670.0,102700.4,45852,470873.36,51218.0,79902.31,365881.48,38011
547,2021-03,113,36758.0,59072.15,26932,275508.59,32406.0,52585.9,239428.43,23888
548,2021-03,114,23607.0,40313.91,16850,178722.0,20536.0,35806.35,160571.02,15095
549,2021-03,116,4667.0,87207.48999999999,3886,58073.39,9757.0,34375.97,132780.73,7642
550,2021-03,120,12.0,301.95,30,1101.85,100.0,686.96,2420.98,94
551,2021-03,125,10048.0,18095.38,7201,78130.88,8459.0,16459.92,70792.84,6215
552,2021-03,127,374.0,3074.26,465,11989.42,2183.0,15774.35,53212.03,1881
553,2021-03,128,42.0,468.86,67,1818.1100000000001,160.0,1317.08,4310.78,154
554,2021-03,137,49430.0,101628.81999999999,37731,433496.71,44299.0,166822.65,347307.94,34246
555,2021-03,140,71869.0,140583.36000000002,53987,621566.67,64976.0,109351.77,514333.09,49592
556,2021-03,141,85631.0,126167.23,62855,589050.18,84170.0,114710.61,551803.85,61630
557,2021-03,142,82301.0,157281.95,59554,574518.34,73149.0,101698.17,481411.9,53328
558,2021-03,143,37524.0,59562.21,27544,277945.57,44677.0,67551.92,316307.97,32496
559,2021-03,144,15665.0,30174.74,11351,134720.94,17812.0,34044.14,154952.07,12864
560,2021-03,148,13904.0,30720.7,10248,129428.14,17476.0,37315.99,163859.58,12802
561,2021-03,151,36555.0,63514.28,26805,289638.52999999997,34288.0,81812.09,265440.2,25171
562,2021-03,152,4097.0,9721.92,3233,41896.63,6893.0,17982.38,73926.16,5256
563,2021-03,153,45.0,539.47,109,2637.63,180.0,1695.77,6629.8,228
564,2021-03,158,11145.0,20011.29,8236,90964.19,20165.0,34981.65,155122.3,14524
565,2021-03,161,86570.0,133254.59,64493,1028394.42,73696.0,96760.23,478531.3,55297
566,2021-03,162,75318.0,116699.93,56689,541567.16,57825.0,77929.98,385682.0,43518
567,2021-03,163,57974.0,87430.23,42762,412823.17,48841.0,66761.93,321607.23,36065
568,2021-03,164,46839.0,75861.34,34607,349026.25,41409.0,58995.869999999995,280660.52,30545
569,2021-03,166,18590.0,58461.740000000005,13851,164156.62,22476.0,47076.25,199188.24,16785
570,2021-03,170,81019.0,190363.66999999998,60756,616491.88,77165.0,168326.48,532721.72,57581
571,2021-03,186,83190.0,147104.07,61557,649562.43,47434.0,63948.02,314199.05,34908
572,2021-03,194,88.0,636.32,95,3401.64,352.0,2235.23,8401.14,360
573,2021-03,202,74.0,1132.6399999999999,139,3419.24,1369.0,6154.79,22031.92,1096
574,2021-03,209,3262.0,10333.1,2573,40822.53,5163.0,16770.03,62708.64,3830
575,2021-03,211,13471.0,26106.27,9921,116011.69,18323.0,34545.18,153257.95,13212
576,2021-03,224,4188.0,8399.57,3344,37617.45,10591.0,19027.16,83146.14,7901
577,2021-03,229,59160.0,88720.48,43630,406260.56,59359.0,83315.33,800641.55,43517
578,2021-03,230,43138.0,81684.04,31668,332559.27,34608.0,50172.05,232168.73,24905
579,2021-03,231,27064.0,121623.83,20817,287307.17,32484.0,79311.55,323195.8,24209
580,2021-03,232,2384.0,67940.11,2492,47865.01,12930.0,35190.6,144226.7,9977
581,2021-03,233,34637.0,59818.479999999996,25996,266687.62,40061.0,61461.85,283982.59,29810
582,2021-03,234,68267.0,104905.95,49878,492724.55,58671.0,82912.28,393064.54,43443
583,2021-03,236,135754.0,230461.33,99015,927106.11,135345.0,244699.18,877010.54,98691
584,2021-03,237,139516.0,181660.44,101902,903913.4400000001,122653.0,145626.38,751774.36,90193
585,2021-03,238,75714.0,124127.76,54917,573081.38,75485.0,177960.8,550041.16,54653
586,2021-03,239,85988.0,126525.76,61490,591615.9,79523.0,116482.01,541047.07,57553
587,2021-03,243,563.0,3459.0699999999997,702,15276.93,5507.0,32175.29,108496.42,4315
588,2021-03,244,5406.0,20889.27,4603,83574.35,12705.0,62399.31,218851.41,10187
589,2021-03,246,45243.0,84170.34,32080,368316.61,46237.0,124984.43000000001,354040.61,34280
590,2021-03,249,49536.0,81268.06,35844,365863.85,42552.0,67224.13,307449.43,31103
591,2021-03,261,8064.0,22363.64,5723,85997.91,7198.0,23231.43,85603.61,5352
592,2021-03,262,43747.0,72877.64,32401,326898.49,46875.0,75137.29,338010.97,34041
593,2021-03,263,69948.0,112456.83,51921,508553.77,64722.0,134356.8,450886.54,47683
594,2021-04,4,2238.0,7395.99,2210,33459.88,13191.0,28751.08,122585.18,9852
595,2021-04,12,578.0,1680.64,371,6280.97,1095.0,2991.67,11198.369999999999,698
596,2021-04,13,11035.0,32727.61,7817,123194.94,15280.0,48942.64,180362.94,10904
597,2021-04,24,13272.0,299033.57999999996,9794,113204.86,14597.0,27836.9,120143.45,10498
598,2021-04,41,17940.0,85050.72,14124,168462.69,28060.0,149037.33,277808.37,21247
599,2021-04,42,7991.0,94232.79999999999,7674,119214.36,20015.0,235917.44999999998,282641.16,16299
600,2021-04,43,63604.0,93034.8,43389,444680.67,46058.0,151380.87,309643.94,31781
601,2021-04,45,2838.0,37039.340000000004,2340,39646.98,6016.0,118157.39,69672.3,4536
602,2021-04,48,74761.0,130862.5,54898,587002.3,69986.0,450267.64,505886.39,50644
603,2021-04,50,19736.0,120526.43000000001,14970,167291.4,30090.0,102929.05,226833.0,22342
604,2021-04,68,62706.0,192682.06,46113,515114.78,59337.0,136531.75,447282.8,43640
605,2021-04,74,18177.0,101527.52,14538,186092.49,33926.0,453336.69999999995,332506.27,26049
606,2021-04,75,38220.0,219206.84,29735,361059.52,55286.0,349807.39999999997,466496.19,41895
607,2021-04,79,63991.0,115380.48,46359,504526.24,56589.0,214502.86000000002,462491.97,41255
608,2021-04,87,11405.0,36363.96,8612,139712.99,14366.0,49971.97,182335.71,10643
609,2021-04,88,5830.0,20712.03,4368,76099.95,6922.0,35315.71,88518.27,5095
610,2021-04,90,56009.0,90680.18,41562,420501.74,43481.0,129846.75,314575.97000000003,32028
611,2021-04,100,46233.0,137277.56,33993,366085.68,37472.0,55247.9,268697.29,27424
612,2021-04,107,72071.0,131600.11,53081,555251.69,58119.0,93432.37,425992.77,42898
613,2021-04,113,42288.0,109270.94,30761,322889.26,37985.0,209618.89,299789.62,28060
614,2021-04,114,28146.0,49493.12,20234,219735.15,25732.0,44669.45,201768.7,18603
615,2021-04,116,4833.0,65374.17,4073,62508.39,10268.0,87985.07,142996.24,7906
616,2021-04,120,38.0,376.85,46,1552.45,197.0,1205.8700000000001,4431.58,157
617,2021-04,125,12194.0,23396.61,8856,101809.56,10338.0,21479.2,91093.81,7534
618,2021-04,127,419.0,3125.25,526,13327.34,2481.0,176819.03000000003,58813.58,2059
619,2021-04,128,47.0,434.29,61,1722.52,226.0,1653.35,5465.58,186
620,2021-04,137,49972.0,102278.9,38331,444099.35,46220.0,274778.25,371741.75,35575
621,2021-04,140,75798.0,146060.11,56703,655543.22,70963.0,204790.92,572971.61,53620
622,2021-04,141,95986.0,245210.37,70019,673011.42,93772.0,259405.99,636192.79,68394
623,2021-04,142,96926.0,149994.88,70525,703841.0,84084.0,131128.37,578081.07,61574
624,2021-04,143,42586.0,122532.58,31275,325013.71,50140.0,237670.72,369985.69,36780
625,2021-04,144,19060.0,36902.86,13668,165823.34,23066.0,108676.57,206667.42,16326
626,2021-04,148,17341.0,37426.4,12556,158883.0,21541.0,47554.9,208118.34,15603
627,2021-04,151,39766.0,252591.61000000002,29546,325973.95,38309.0,234756.42,305310.82,28143
628,2021-04,152,3993.0,60006.67,3178,41629.14,6667.0,18130.98,74770.46,5142
629,2021-04,153,70.0,605.44,125,3350.74,211.0,2000.04,7155.24,219
630,2021-04,158,13822.0,286570.86000000004,10236,118202.68000000001,24454.0,165418.0,200695.39,17802
631,2021-04,161,95954.0,194383.37,70877,714036.09,83807.0,159525.57,560083.64,62371
632,2021-04,162,82935.0,130324.97,61363,608805.55,65538.0,185807.16,446928.88,48829
633,2021-04,163,67644.0,106134.06,49695,502798.3,58531.0,108687.88,405273.66000000003,42899
634,2021-04,164,55279.0,90446.69,40065,420440.98,48561.0,73706.2,347249.54,35355
635,2021-04,166,20039.0,41066.31,14958,183961.07,24697.0,52992.24,225410.86,18465
636,2021-04,170,89684.0,373133.16,66775,700648.96,87098.0,128977.25,616175.44,64267
637,2021-04,186,95355.0,166036.55,69683,759082.33,54158.0,396471.81,376303.26,39876
638,2021-04,194,103.0,764.32,112,3662.18,614.0,2710.3,11288.2,514
639,2021-04,202,116.0,1052.9,179,4635.43,1482.0,7337.74,24154.2,1162
640,2021-04,209,3741.0,76234.73,2961,47899.68,5814.0,20119.67,74712.32,4378
641,2021-04,211,16641.0,73114.43000000001,12074,142322.98,22792.0,127583.18000000001,198130.44,16391
642,2021-04,224,4606.0,9831.39,3703,44206.57,11399.0,21287.84,92275.22,8461
643,2021-04,229,66577.0,210821.01,49149,465218.98,66286.0,96977.9,462911.13,48586
644,2021-04,230,49878.0,187198.84,36273,399348.62,41727.0,202241.42,298243.15,29405
645,2021-04,231,33548.0,79113.28,25025,332595.62,38620.0,611741.5900000001,391083.74,28327
646,2021-04,232,2861.0,11291.73,2827,51574.06,13902.0,67792.29000000001,157952.56,10685
647,2021-04,233,39346.0,145458.34,29019,303460.3,43601.0,69268.38,318398.64,32366
648,2021-04,234,80425.0,171947.88,58776,996544.01,68346.0,101405.77,479071.88,50666
649,2021-04,236,154523.0,221168.97,112462,1083017.5,155390.0,316004.99,1038473.39,113005
650,2021-04,237,161799.0,213728.68,117739,1072968.97,141998.0,222666.07,896207.18,103637
651,2021-04,238,83635.0,138678.2,61131,640383.91,85081.0,193553.99,641619.81,61657
652,2021-04,239,98353.0,436297.94,70726,698015.86,92980.0,140765.81,653608.88,66848
653,2021-04,243,754.0,4589.6,921,20481.07,6232.0,38454.61,128423.99,4920
654,2021-04,244,5414.0,20998.26,4650,86585.69,13305.0,66314.3,232394.13,10514
655,2021-04,246,40922.0,87874.94,29780,352573.29,48281.0,81853.01,380070.01,35174
656,2021-04,249,58935.0,99573.64,42302,446394.54,50186.0,189905.42,372933.25,36469
657,2021-04,261,9500.0,26776.06,6765,103801.13,8800.0,46916.17,105969.13,6383
658,2021-04,262,49008.0,83119.93,35725,372053.54,52323.0,168157.53,397349.97000000003,37950
659,2021-04,263,77991.0,128887.05,57529,580614.78,72082.0,247763.40999999997,517174.01,52609
660,2021-05,4,3165.0,39438.2,2979,44125.52,15131.0,35503.88,146450.96,11363
661,2021-05,12,941.0,2597.41,605,10138.66,1444.0,3808.3,14354.69,904
662,2021-05,13,14606.0,44294.85,10342,167531.19,19936.0,139788.50999999998,240719.58,14163
663,2021-05,24,14356.0,27669.08,10587,125416.4,15519.0,30939.89,132627.25,11234
664,2021-05,41,18071.0,253514.99,13853,169326.83,29552.0,128117.04,299571.81,22000
665,2021-05,42,7121.0,308440.12,6672,103557.81,20026.0,402323.98,277713.62,15754
666,2021-05,43,74152.0,109284.73,49768,515716.9,55816.0,78732.37,375481.72000000003,38016
667,2021-05,45,3725.0,10849.45,2939,47130.1,7423.0,20078.04,83711.96,5438
668,2021-05,48,89053.0,244387.75,64270,701935.5,80945.0,137083.36,618593.19,58458
669,2021-05,50,23817.0,227150.68999999997,17836,206684.65,36477.0,61599.91,281359.39,26680
670,2021-05,68,74597.0,145898.71,54084,621178.95,71257.0,122205.59,555384.89,51565
671,2021-05,74,16966.0,823350.7300000001,13647,177926.0,35546.0,161487.69,353243.67,27108
672,2021-05,75,37061.0,485581.19,28764,348214.49,57479.0,286073.7,490077.52999999997,43128
673,2021-05,79,84508.0,278417.95,61063,687906.49,71314.0,203192.46,587557.18,51375
674,2021-05,87,16009.0,52471.39,11907,195508.83,18656.0,67921.64,240595.69,13816
675,2021-05,88,7467.0,25569.48,5429,95124.88,8858.0,33629.6,116759.21,6542
676,2021-05,90,65102.0,107614.64,47639,495486.99,50161.0,121793.5,373420.1,36366
677,2021-05,100,51752.0,105659.59,37524,416158.21,43304.0,67940.07,330158.74,31318
678,2021-05,107,86259.0,253575.12000000002,62771,668650.18,68137.0,194872.17,504612.86,49649
679,2021-05,113,50790.0,85390.09,36686,394221.43,44917.0,81476.64,361378.25,32874
680,2021-05,114,36882.0,66743.87,25901,293381.48,33915.0,101986.97,269888.81,24042
681,2021-05,116,4738.0,72142.08,4130,65925.34,11157.0,42731.94,162463.45,8549
682,2021-05,120,35.0,364.83,41,1330.7,191.0,1210.08,4190.83,156
683,2021-05,125,15876.0,31550.35,11387,133540.95,14109.0,266338.0,131990.13999999998,10176
684,2021-05,127,338.0,2719.34,419,10984.73,2678.0,146002.5,63573.48,2132
685,2021-05,128,45.0,348.08,58,1389.96,192.0,1440.94,4863.52,170
686,2021-05,137,52895.0,179979.54,39871,457949.1,51209.0,373259.39999999997,403826.54,38776
687,2021-05,140,81214.0,203655.48,60458,705244.54,77781.0,1049951.1400000001,628548.0,58476
688,2021-05,141,108438.0,167050.14,78970,767927.84,106977.0,314753.73,736070.37,77459
689,2021-05,142,116364.0,181793.98,83247,846603.6,97883.0,211505.29,687706.46,71139
690,2021-05,143,48000.0,169276.46,35225,377111.9,56786.0,93277.72,427078.42,41167
691,2021-05,144,25355.0,50896.23,18286,226303.82,29830.0,97853.09,271099.11,21009
692,2021-05,148,25964.0,110833.09,18534,247700.7,28513.0,290093.39,276201.26,20471
693,2021-05,151,42749.0,130575.42,31409,354406.41,41724.0,77462.31,337952.8,30347
694,2021-05,152,3755.0,9554.39,2977,40924.79,6784.0,143506.63,75863.9,5062
695,2021-05,153,49.0,404.5,80,2130.59,148.0,1591.04,6057.56,182
696,2021-05,158,20843.0,39393.82,14612,175042.91,33355.0,62142.36,275312.44,23678
697,2021-05,161,110238.0,254243.82,80662,834645.71,100082.0,476598.88,687638.58,73630
698,2021-05,162,97253.0,200398.41999999998,71697,727475.48,77845.0,248241.34,549820.06,57557
699,2021-05,163,84064.0,135952.52,60193,640776.79,73407.0,114039.58,525027.41,52581
700,2021-05,164,66584.0,167124.13999999998,47970,513588.32,60847.0,99181.55,457058.39,43538
701,2021-05,166,21587.0,186729.7,15967,199975.78,26137.0,119488.75,245719.4,19325
702,2021-05,170,104578.0,225550.16999999998,76936,822974.65,99501.0,310603.72,717391.75,72937
703,2021-05,186,111549.0,199736.16999999998,80856,909597.31,68926.0,125984.61,500394.58999999997,50024
704,2021-05,194,135.0,785.5600000000001,127,4428.76,854.0,3572.61,13902.52,659
705,2021-05,202,84.0,981.18,155,3861.04,1618.0,7323.46,26421.18,1244
706,2021-05,209,4947.0,111400.67,3692,60835.34,7859.0,27139.93,99617.01,5685
707,2021-05,211,22649.0,119445.98999999999,16046,192723.05,29998.0,58452.63,262990.31,21201
708,2021-05,224,5352.0,11827.45,4205,50509.79,12758.0,80002.57,109429.29,9551
709,2021-05,229,79862.0,126739.06999999999,58373,569766.92,79263.0,451656.84,555918.57,57292
710,2021-05,230,61296.0,112956.79,43824,499739.46,54014.0,174951.62,417297.25,37234
711,2021-05,231,43360.0,200284.66999999998,31732,425520.48,47550.0,152244.71,484460.42,34424
712,2021-05,232,4066.0,215848.8,3581,61207.42,16779.0,191817.18,190097.02,12657
713,2021-05,233,45476.0,171575.72999999998,33598,357829.82,50382.0,156874.19,371713.13,36886
714,2021-05,234,94706.0,151355.96,68903,715490.55,82134.0,498557.29000000004,585955.12,59646
715,2021-05,236,176744.0,318256.82,128373,1256991.78,177760.0,318055.05,1197342.94,127981
716,2021-05,237,188469.0,354069.38,136430,1252819.48,163966.0,298740.29,1043309.14,119220
717,2021-05,238,91320.0,158456.44,66981,721988.07,94805.0,164709.0,735858.55,68734
718,2021-05,239,113878.0,179245.05,81663,830431.53,106710.0,265703.98,769702.13,76607
719,2021-05,243,766.0,11628.43,884,20900.0,7047.0,45103.26,147663.83,5447
720,2021-05,244,4973.0,19578.83,4216,78806.85,14004.0,532798.86,249030.51,10888
721,2021-05,246,43313.0,79550.75,30514,356182.49,54851.0,205877.17,435290.6,39280
722,2021-05,249,71726.0,208662.12,51370,558655.82,61841.0,202034.0,461922.51,44198
723,2021-05,261,12936.0,36849.98,8948,143234.68,11356.0,39027.75,140835.96,8091
724,2021-05,262,55901.0,99421.93,40675,436866.93,60923.0,394859.23,470527.84,43984
725,2021-05,263,89075.0,222369.32,64853,670503.1,82595.0,169718.21,607498.67,60141
726,2021-06,4,4365.0,12924.42,3809,54966.24,17082.0,38411.33,162368.68,12556
727,2021-06,12,1742.0,4724.59,1060,18325.86,2124.0,5462.36,21754.81,1332
728,2021-06,13,23130.0,68873.19,15945,262833.33,29855.0,96057.24,356762.26,20603
729,2021-06,24,14624.0,30094.21,10877,133670.67,16317.0,35018.66,147214.59,11843
730,2021-06,41,17448.0,105850.86,13626,172032.05,31250.0,137405.33,324429.62,22955
731,2021-06,42,6698.0,96221.29000000001,6224,94457.52,20326.0,324056.47000000003,291386.93,15908
732,2021-06,43,78589.0,115871.53,52267,556709.0,60391.0,86893.12,414867.27999999997,40919
733,2021-06,45,5206.0,17405.07,3909,61742.67,9225.0,24580.73,102749.35,6621
734,2021-06,48,105341.0,394216.04000000004,74727,847679.51,93085.0,190974.02,735238.46,65399
735,2021-06,50,27995.0,54074.7,20762,245891.46,42700.0,74949.91,342750.44,30830
736,2021-06,68,88709.0,221946.30000000002,62874,742819.97,84845.0,203419.56,681253.87,60373
737,2021-06,74,17693.0,163225.92,14026,183347.27,36680.0,335014.77,364753.04,27740
738,2021-06,75,37253.0,160555.23,28474,351721.96,60243.0,341865.53,520137.49,44756
739,2021-06,79,104093.0,197012.8,73841,854771.58,83459.0,275933.41,693163.42,59326
740,2021-06,87,20836.0,65701.0,15114,249751.14,23473.0,90832.21,299342.7,17158
741,2021-06,88,10551.0,34112.47,7282,127472.23,12124.0,42377.61,150166.88,8565
742,2021-06,90,72586.0,183562.31,52563,562226.13,54425.0,136653.22,415113.72,39487
743,2021-06,100,61152.0,105498.54,44177,492804.61,54118.0,160539.08000000002,426009.04,38267
744,2021-06,107,100007.0,301576.42,71791,782110.14,78014.0,140929.94,586561.6,56311
745,2021-06,113,56787.0,94489.34,40562,448700.3,50518.0,89239.32,409077.15,36325
746,2021-06,114,43696.0,78468.88,30265,350995.33,39714.0,68419.01,318586.04,27660
747,2021-06,116,5274.0,191157.7,4301,67691.5,11785.0,135618.38999999998,173711.13,8919
748,2021-06,120,29.0,171.93,26,752.29,136.0,1037.06,3472.07,119
749,2021-06,125,18861.0,36506.13,13230,158901.06,16815.0,36547.23,157817.22,11872
750,2021-06,127,406.0,2527.04,423,10404.98,2931.0,21239.05,68672.38,2233
751,2021-06,128,40.0,559.77,65,2171.54,202.0,1728.6,5861.84,193
752,2021-06,137,57182.0,142280.87,42508,481861.89,56608.0,259834.83000000002,439872.26,42054
753,2021-06,140,88392.0,242053.87,65061,766923.03,85207.0,1087234.83,691557.24,63556
754,2021-06,141,118041.0,337783.60000000003,85751,860629.02,117825.0,260452.31000000003,818750.24,84554
755,2021-06,142,127549.0,199354.65,90704,942927.09,107542.0,345494.72000000003,767177.84,77219
756,2021-06,143,53019.0,187088.9,38487,421658.64,63024.0,269105.99,485775.59,45563
757,2021-06,144,30047.0,58694.76,20996,268724.99,34799.0,69636.1,318864.13,24027
758,2021-06,148,35227.0,215340.93,24825,328618.57,36996.0,218384.5,358027.08999999997,25894
759,2021-06,151,44039.0,241735.89,32600,380862.51,44017.0,243958.44,372645.3,31862
760,2021-06,152,3832.0,9588.17,2957,40997.33,7072.0,20822.03,82183.2,5217
761,2021-06,153,46.0,312.67,64,1786.07,144.0,1362.33,4741.6,132
762,2021-06,158,27089.0,51346.97,18753,235283.72,41914.0,77240.48,353756.38,29024
763,2021-06,161,135617.0,362900.83,96963,1032396.96,127711.0,283798.25,896791.23,92764
764,2021-06,162,119735.0,196613.81,87146,915240.89,99511.0,360197.20999999996,726422.85,72425
765,2021-06,163,101388.0,164415.96,72289,787544.33,88590.0,236083.00999999998,654945.63,63032
766,2021-06,164,81174.0,133855.34,57618,634698.48,75514.0,182591.26,595350.01,53181
767,2021-06,166,21765.0,47003.19,16158,208322.42,27205.0,409345.32999999996,264446.7,20051
768,2021-06,170,125412.0,419605.28,91342,997533.16,118151.0,257331.65,867580.65,85438
769,2021-06,186,129142.0,245307.08,93582,1084255.01,85551.0,255610.53,650199.37,61492
770,2021-06,194,139.0,119123.57,141,5149.72,776.0,3595.25,13652.84,625
771,2021-06,202,119.0,868.16,148,3748.32,1789.0,8194.33,29535.18,1356
772,2021-06,209,7083.0,21038.9,5076,82319.34,10047.0,33000.36,121920.45,7098
773,2021-06,211,25558.0,48498.9,17894,221748.81,33513.0,66501.32,306100.25,23460
774,2021-06,224,6265.0,13695.19,4783,59670.07,14372.0,28138.46,120306.03,10276
775,2021-06,229,91825.0,147617.68,66651,673547.69,88311.0,265635.77,637973.53,63758
776,2021-06,230,82919.0,218953.71,58022,698832.13,76182.0,173436.06,632348.46,51661
777,2021-06,231,52352.0,183721.33000000002,37332,514223.68,55212.0,143903.15,575057.84,39301
778,2021-06,232,12378.0,175811.96000000002,8567,133049.83,28192.0,189783.95,292840.56,19565
779,2021-06,233,54595.0,97260.4,39841,438204.33,59781.0,301619.72,452108.33,43426
780,2021-06,234,107893.0,171476.75,77044,825430.4,95362.0,143503.62,692069.99,68853
781,2021-06,236,188372.0,415998.61,136833,1377305.02,189451.0,386777.38,1302845.31,136264
782,2021-06,237,206635.0,277877.83999999997,149341,1409999.58,180721.0,423988.98,1172964.07,130880
783,2021-06,238,94372.0,177056.94,69325,766854.84,101021.0,274305.74,805314.81,72693
784,2021-06,239,124287.0,228385.84,88386,933256.78,116911.0,190624.58000000002,867872.77,83709
785,2021-06,243,777.0,4586.65,872,20213.03,7564.0,95882.68000000001,160775.54,5674
786,2021-06,244,5122.0,70662.91,4316,79752.67,14552.0,175192.09999999998,264306.07,11189
787,2021-06,246,50414.0,292612.71,34689,406589.18,65257.0,109630.98,523172.59,45417
788,2021-06,249,81516.0,260469.6,57574,650067.77,69791.0,113097.69,535842.39,49504
789,2021-06,261,17433.0,96547.15,11761,192315.12,14785.0,49949.64,181730.78,10278
790,2021-06,262,58329.0,251544.81999999998,42731,474248.19,63613.0,320774.93,508098.05,46022
791,2021-06,263,95348.0,308813.06999999995,69124,739566.17,90010.0,154719.9,674994.32,65100
792,2021-07,4,4139.0,122637.99,3865,59104.4,17317.0,180564.99000000002,167729.21,12728
793,2021-07,12,2483.0,6066.6,1409,23575.34,3067.0,7656.3,29555.2,1761
794,2021-07,13,26899.0,78791.6,18189,295293.57,34694.0,110557.55,400616.94,23368
795,2021-07,24,12716.0,80500.81,9689,122733.69,14370.0,33324.64,133727.32,10396
796,2021-07,41,15616.0,34376.13,12159,155037.99,29088.0,143745.85,312994.51,21564
797,2021-07,42,6237.0,602084.2000000001,5819,92702.35,20108.0,153166.19999999998,289332.89,15638
798,2021-07,43,70814.0,107014.53,46168,495995.07,55519.0,182688.97,375755.98,36393
799,2021-07,45,6051.0,15257.92,4280,65571.05,11060.0,145688.65000000002,111933.56,7552
800,2021-07,48,116167.0,209290.74,81371,930203.74,105114.0,289203.63,840799.62,73267
801,2021-07,50,29565.0,360185.67000000004,22258,263009.76,45365.0,79874.15,362215.46,32478
802,2021-07,68,97263.0,184432.33,67704,800139.69,93165.0,191117.94,728821.97,64762
803,2021-07,74,17192.0,517481.47,13572,175342.97,37107.0,156972.97999999998,359794.16,27641
804,2021-07,75,34911.0,88110.67,26766,324817.34,57441.0,857915.55,493033.01,42818
805,2021-07,79,111944.0,392729.07999999996,79020,918731.22,91638.0,247009.08000000002,749966.11,64198
806,2021-07,87,22180.0,68343.89,15998,258997.02,26423.0,182150.88,330928.57,19112
807,2021-07,88,12339.0,37741.59,8168,139674.19,14223.0,48417.99,171290.07,9634
808,2021-07,90,73301.0,119275.43000000001,52560,556745.75,55168.0,108407.28,419272.54,39561
809,2021-07,100,68555.0,117713.0,47850,541586.62,61135.0,463532.92,473560.82,41978
810,2021-07,107,98012.0,165983.44,70083,755977.3099999999,78789.0,436279.95,589827.12,56645
811,2021-07,113,55451.0,92216.55,39358,429278.25,48333.0,87326.48,387527.07,34486
812,2021-07,114,46858.0,84228.99,32423,375033.41,42170.0,71913.9,329538.06,28959
813,2021-07,116,4851.0,141372.86,4124,66633.56999999999,11361.0,109491.99,174637.5,8662
814,2021-07,120,36.0,227.59,29,944.8199999999999,137.0,788.33,2749.59,106
815,2021-07,125,19990.0,40789.67,14255,176016.19,18414.0,110430.86,173558.16,12844
816,2021-07,127,310.0,2218.84,361,9416.89,3025.0,157621.25000000003,72327.8,2317
817,2021-07,128,29.0,167893.05,55,2138.92,214.0,1603.46,5110.41,163
818,2021-07,137,56649.0,183136.38999999998,41655,466515.98,57115.0,420333.72,440024.63,42010
819,2021-07,140,80699.0,353645.01999999996,59415,693212.19,79412.0,567177.78,637899.0599999999,59334
820,2021-07,141,109889.0,310641.27,79190,803542.23,109090.0,171565.96,766107.87,78068
821,2021-07,142,120272.0,194681.4,85307,886226.34,100880.0,228546.0,716562.69,71950
822,2021-07,143,45100.0,292284.74,33684,368606.32,56915.0,182994.06,446971.18,41159
823,2021-07,144,34086.0,127268.94,23354,296463.58,39204.0,140866.06,350095.42,26715
824,2021-07,148,40850.0,256554.65000000002,28676,383172.0,44285.0,167511.43999999997,417181.63,30456
825,2021-07,151,38518.0,77002.27,28583,337490.53,39230.0,200154.3,338343.47,28336
826,2021-07,152,3426.0,9494.17,2792,39608.3,6620.0,20719.57,79665.47,4995
827,2021-07,153,40.0,472.77,75,2390.39,168.0,1733.67,5791.54,161
828,2021-07,158,29063.0,55927.52,19961,250970.71,42610.0,79067.96,347879.79,29108
829,2021-07,161,142685.0,294159.88,99417,1046280.92,130038.0,184061.16999999998,891468.67,92016
830,2021-07,162,127201.0,210957.35,90729,960195.97,103978.0,161099.34,745504.7,74551
831,2021-07,163,106227.0,181039.43,74026,805927.73,94371.0,289217.25,694804.03,65226
832,2021-07,164,88879.0,145201.04,61533,675047.3,82446.0,137634.72,628426.1,56517
833,2021-07,166,19994.0,141801.91,14949,197934.99,25570.0,195631.08,253217.62,18514
834,2021-07,170,131173.0,286909.08999999997,94502,1025043.57,122913.0,668931.25,898538.89,88254
835,2021-07,186,146564.0,383197.06,103622,1203701.35,99131.0,330936.18,735770.65,69707
836,2021-07,194,134.0,914.9399999999999,147,5580.42,437.0,2774.76,10085.3,399
837,2021-07,202,160.0,882.01,162,4029.95,1979.0,9040.84,32618.11,1454
838,2021-07,209,7699.0,22027.06,5427,84818.48,10984.0,369734.92,130372.17,7558
839,2021-07,211,28399.0,116033.16,19299,237342.08,35681.0,224474.43,308010.14,24283
840,2021-07,224,5753.0,12496.64,4437,54812.15,13612.0,28751.59,119542.74,9940
841,2021-07,229,89242.0,178973.47,63774,643185.76,86588.0,136345.93,620412.0,61886
842,2021-07,230,103500.0,569053.79,69233,856693.3,97592.0,334968.74,808428.91,63123
843,2021-07,231,51021.0,246615.21,36315,497673.36,54934.0,178920.18,570995.6,38879
844,2021-07,232,19584.0,238230.57,12361,184370.63,34828.0,262052.16000000003,350440.36,23463
845,2021-07,233,55518.0,305532.94,39832,439550.0,63078.0,260495.84,477108.61,44984
846,2021-07,234,109520.0,274045.4,77240,814033.29,97618.0,225226.45,689986.05,68897
847,2021-07,236,151539.0,301398.08,109574,1099935.49,152014.0,233329.03,1051862.7,109315
848,2021-07,237,177497.0,247431.41,127645,1196660.59,153074.0,317175.68,982400.05,110038
849,2021-07,238,79315.0,192430.9,58945,656019.02,86046.0,203119.67,711003.52,62450
850,2021-07,239,111760.0,350434.77,79305,854514.04,104804.0,185183.04,797970.49,74911
851,2021-07,243,748.0,4689.98,865,20743.35,7582.0,85153.67000000001,164759.66,5710
852,2021-07,244,4716.0,52965.83,3978,75339.32,14667.0,143353.39,269507.71,11211
853,2021-07,246,56575.0,250656.13999999998,38384,439236.91,68501.0,324987.95,528007.23,47273
854,2021-07,249,83956.0,149152.4,58862,662382.37,71410.0,287969.49,542640.34,50239
855,2021-07,261,20584.0,55524.49,13455,216518.26,17973.0,236952.12,211112.25,12009
856,2021-07,262,48997.0,100348.04,36477,418712.26,55931.0,115366.86,464113.51,40418
857,2021-07,263,88351.0,499436.51,64185,690602.32,84330.0,204260.25,647325.83,60909
858,2021-08,4,4354.0,84545.8,4111,60957.340000000004,16937.0,112024.01000000001,167623.69,12658
859,2021-08,12,2279.0,5837.35,1302,22075.75,2586.0,6729.8,25323.920000000002,1538
860,2021-08,13,25216.0,94009.02,17335,284345.75,31289.0,136482.31,366121.5,21424
861,2021-08,24,12221.0,105830.8,9384,119109.41,14258.0,116162.53000000001,143895.57,10559
862,2021-08,41,14408.0,351074.81,11436,147021.65,28796.0,99541.49,324657.1,21577
863,2021-08,42,5694.0,419549.47000000003,5328,83295.05,19424.0,76723.58,287544.13,15268
864,2021-08,43,65186.0,179242.79,43230,459836.38,50900.0,132004.41,353858.06,34184
865,2021-08,45,5234.0,14525.74,3926,61731.27,10494.0,27817.7,112837.20999999999,7408
866,2021-08,48,113233.0,334114.11000000004,81254,930215.49,103210.0,299851.60000000003,858097.05,73578
867,2021-08,50,29061.0,245853.84,22217,263236.37,45200.0,82120.95999999999,363083.95,32911
868,2021-08,68,94968.0,178572.29,67713,800203.84,90462.0,325153.23,728240.14,64546
869,2021-08,74,15658.0,263359.51,12460,162652.06,33929.0,289316.26,340980.98,25593
870,2021-08,75,33150.0,293783.38,25383,309270.6,55124.0,251306.39,486634.06,41414
871,2021-08,79,111375.0,329525.31,80173,941888.48,89795.0,317866.89999999997,769560.27,64358
872,2021-08,87,21521.0,70199.75,16012,263707.37,26426.0,95524.43000000001,338435.38,19625
873,2021-08,88,10748.0,34367.78,7400,125425.33,12574.0,45504.03,156852.28,8885
874,2021-08,90,73086.0,273410.16,53369,565758.46,54671.0,249227.35999999996,420661.8,39800
875,2021-08,100,68454.0,119194.21,48553,544308.0,58954.0,173883.96,456272.22000000003,41378
876,2021-08,107,94825.0,167528.6,69060,749322.5,78137.0,133791.8,591943.34,56387
877,2021-08,113,53632.0,91364.81,38580,422712.82,46876.0,87658.19,382499.34,33888
878,2021-08,114,46128.0,144372.13,32665,377061.56,39525.0,136631.65,317172.55,27726
879,2021-08,116,4508.0,180241.02999999997,3847,62124.32,11653.0,315064.62,182405.04,8959
880,2021-08,120,18.0,172.45,26,730.51,133.0,882.76,2926.5699999999997,98
881,2021-08,125,20646.0,41484.86,14500,178417.38,17791.0,40094.68,165160.38,12541
882,2021-08,127,317.0,2188.06,364,9440.16,3079.0,83541.87,75544.3,2399
883,2021-08,128,26.0,364.11,43,1506.47,184.0,51908.25000000001,4912.24,160
884,2021-08,137,55436.0,523052.65,41677,467793.88,56288.0,367713.39999999997,438926.62,42102
885,2021-08,140,78280.0,454776.72,58386,683305.68,78659.0,560137.34,652256.6,59463
886,2021-08,141,107251.0,261543.28,78125,792591.69,106737.0,592745.23,775823.35,77849
887,2021-08,142,113348.0,214147.67,81741,852725.0,97451.0,238568.99,715188.35,70738
888,2021-08,143,44810.0,187679.36,33697,369539.64,55658.0,123099.15,451328.53,40874
889,2021-08,144,32187.0,83979.70999999999,22830,295286.04,38241.0,173195.95,348031.23,26362
890,2021-08,148,39782.0,116880.63,28487,386842.27,43753.0,415069.22000000003,419147.64,30515
891,2021-08,151,37405.0,213032.28,28135,333580.51,38227.0,247214.86000000002,341531.1,27984
892,2021-08,152,3656.0,198217.11000000002,2909,42571.3,6529.0,111011.96000000002,80591.25,4910
893,2021-08,153,58.0,33673.37999999999,82,2195.83,198.0,1969.46,6838.85,176
894,2021-08,158,27092.0,53146.1,18999,236938.49,38315.0,72456.11,315838.69,26682
895,2021-08,161,136995.0,260534.05000000002,98022,1028893.88,124182.0,291590.74,861844.94,89462
896,2021-08,162,121891.0,207478.69,88497,933973.58,98873.0,358486.73,729726.73,72199
897,2021-08,163,101549.0,170411.37,72250,781517.33,89887.0,411188.16000000003,676408.74,63731
898,2021-08,164,85282.0,314272.57,60343,660832.74,78325.0,234659.08999999997,609128.41,54879
899,2021-08,166,20255.0,94611.51,15161,201083.33000000002,28016.0,76618.2,294865.37,20525
900,2021-08,170,126408.0,378519.81,92734,1001358.04,118754.0,190239.66,882070.5,86783
901,2021-08,186,140770.0,256988.93,101774,1168821.35,94563.0,378223.66000000003,713243.67,67838
902,2021-08,194,165.0,1104.01,166,6887.3,425.0,52598.530000000006,10157.130000000001,407
903,2021-08,202,125.0,857.76,137,3956.57,2304.0,11016.65,37801.13,1656
904,2021-08,209,7133.0,21597.26,5238,82651.65,10665.0,173272.68,130378.65,7547
905,2021-08,211,27517.0,54383.6,19418,238373.79,33774.0,78738.56,298769.12,23612
906,2021-08,224,5761.0,82359.81999999999,4604,58190.72,14285.0,51395.01,130273.17,10485
907,2021-08,229,84541.0,266432.87999999995,61977,622870.2,82999.0,265353.19,605027.3,60577
908,2021-08,230,98229.0,190954.47,67054,822425.13,90950.0,204931.85,760892.25,60617
909,2021-08,231,48470.0,117828.52,35176,483724.23,52342.0,138613.79,548495.22,37527
910,2021-08,232,19162.0,98958.99,12528,186244.69,32614.0,85685.71,336142.07,22599
911,2021-08,233,53940.0,98677.72,39392,431377.42,61278.0,287246.45,465987.59,44447
912,2021-08,234,106209.0,171186.22,76183,804461.68,92176.0,230328.38999999998,659194.57,66479
913,2021-08,236,140685.0,389441.33,103301,1037684.29,144082.0,344801.86,1023828.11,104974
914,2021-08,237,168577.0,237527.94,122467,1149908.39,146598.0,299807.17,959155.36,107057
915,2021-08,238,78230.0,211508.01,58614,654634.57,84102.0,258171.11,708950.64,61695
916,2021-08,239,105522.0,241836.72,76311,819984.73,100786.0,525895.1,793401.64,73095
917,2021-08,243,752.0,4205.07,782,18602.29,7614.0,52654.85,167775.6,5745
918,2021-08,244,4488.0,159329.97,3882,74442.22,14893.0,83460.26,280616.56,11556
919,2021-08,246,53274.0,94623.69,37013,425927.7,64885.0,111536.68000000001,512430.73,45997
920,2021-08,249,83374.0,153257.64,59635,675241.55,68323.0,191462.58,521040.36,48752
921,2021-08,261,18675.0,193036.15,12627,202210.2,16260.0,56046.62,198514.3,11252
922,2021-08,262,47256.0,195809.27000000002,35573,405160.33,54829.0,201539.11000000002,469188.04,40047
923,2021-08,263,85166.0,569112.71,62488,676987.8,81139.0,280964.99,644322.14,59415
924,2021-09,4,4543.0,142468.02000000002,4225,65516.020000000004,17213.0,40878.4,175112.05,12949
925,2021-09,12,1742.0,4889.7300000000005,1095,18831.329999999998,2198.0,5562.16,22287.76,1349
926,2021-09,13,25620.0,81709.87,18097,308239.78,32176.0,106849.04,399689.18,22765
927,2021-09,24,14187.0,30531.239999999998,10834,139639.29,15650.0,36716.84,151491.59,11500
928,2021-09,41,14492.0,121976.63,11618,152853.39,28977.0,125693.45,327568.43,21884
929,2021-09,42,5399.0,320332.48,5079,81113.7,18885.0,277532.77999999997,281906.1,14772
930,2021-09,43,75649.0,117834.56999999999,50996,574192.35,58009.0,88316.98,429094.05,39667
931,2021-09,45,5030.0,112805.36,3859,64500.72,10035.0,27307.83,114702.34,7216
932,2021-09,48,120453.0,397442.36,87260,1046187.26,108341.0,388147.28,944672.1799999999,77135
933,2021-09,50,31097.0,64758.35,23915,292042.29,45349.0,160577.97,383539.5,33316
934,2021-09,68,102189.0,512158.7,73671,908280.71,95953.0,241100.69,820093.75,69545
935,2021-09,74,16288.0,109197.73000000001,12816,174879.41999999998,34209.0,399646.92,355631.51,26029
936,2021-09,75,33483.0,174085.39,25985,333703.14,56159.0,200341.38,516168.1,42388
937,2021-09,79,112662.0,538282.04,81987,991383.11,90604.0,189842.63,809659.41,65549
938,2021-09,87,23591.0,95149.97,17796,303967.47,29011.0,123328.51,393194.58,21576
939,2021-09,88,11251.0,37984.22,8081,142872.81,13747.0,51158.93,184065.82,10040
940,2021-09,90,77593.0,130810.53,56463,627147.41,57697.0,174803.56,460302.45,42145
941,2021-09,100,65504.0,116393.04,47209,551381.84,56240.0,219345.36000000002,464766.18,40227
942,2021-09,107,99208.0,275519.7,72900,827714.76,79789.0,140150.03,1464942.57,58761
943,2021-09,113,56892.0,311909.64,41802,486388.0,52103.0,98128.79,452963.65,38427
944,2021-09,114,49555.0,92358.22,35136,420429.8,42845.0,181705.0,362148.25,30512
945,2021-09,116,4496.0,91506.78,3837,63237.13,11881.0,51086.62,184825.12,9056
946,2021-09,120,67.0,169.22,32,726.26,142.0,713.58,2410.36,96
947,2021-09,125,23465.0,91095.59,16730,215557.22999999998,20343.0,49199.5,204005.87,14595
948,2021-09,127,289.0,2150.38,320,8782.67,2934.0,94569.12,71355.87,2288
949,2021-09,128,23.0,173.11,30,676.62,147.0,1154.87,3807.66,128
950,2021-09,137,54258.0,108286.42,40980,485143.19,54938.0,367636.95,462900.85,41680
951,2021-09,140,81067.0,164327.82,61247,749174.89,81064.0,447826.96,708195.68,61068
952,2021-09,141,111955.0,247894.53,82196,1700928.9,112414.0,527586.8099999999,859118.38,82204
953,2021-09,142,129016.0,240350.26,93782,1031722.53,110576.0,177771.85,846651.86,80655
954,2021-09,143,52155.0,150254.56,38938,439394.45,62606.0,112156.14,520460.11,46385
955,2021-09,144,34854.0,72100.54000000001,24938,330283.7,38751.0,81926.76,378563.46,27401
956,2021-09,148,40603.0,98955.69,29619,416883.08,43432.0,223140.52,454359.72,30964
957,2021-09,151,40908.0,80245.31,30551,370080.78,42007.0,145538.8,376505.13,30805
958,2021-09,152,3486.0,9626.1,2819,40612.95,6561.0,201543.04,83245.6,5011
959,2021-09,153,42.0,591.5,72,2320.57,192.0,1930.6499999999999,6493.8,174
960,2021-09,158,29973.0,133759.85,21437,273734.67,42441.0,80221.73,364230.87,29944
961,2021-09,161,135669.0,305813.43,98643,1100633.28,125813.0,279514.35,977684.64,92413
962,2021-09,162,122661.0,213338.36,90426,1006116.75,98973.0,176101.21,799540.39,73156
963,2021-09,163,106281.0,185032.04,76769,889005.29,92670.0,161717.35,760779.66,66895
964,2021-09,164,83766.0,149048.05,60383,704873.88,78105.0,234308.29,663957.71,55310
965,2021-09,166,24749.0,67576.19,18907,255876.51,32561.0,85366.72,347158.97,24491
966,2021-09,170,123165.0,218920.14,90929,1039786.88,119035.0,584712.5599999999,953727.42,88008
967,2021-09,186,131246.0,335756.84,96520,1158817.48,90298.0,259769.18,706910.58,65728
968,2021-09,194,232.0,1305.33,202,6234.49,1622.0,7128.24,27743.06,1160
969,2021-09,202,140.0,1307.72,159,5340.08,2105.0,9890.37,36056.07,1531
970,2021-09,209,7352.0,24897.45,5569,96377.7,10549.0,38359.46,142851.49,7805
971,2021-09,211,30144.0,163556.29,21674,276192.3,37881.0,77539.46,353170.35,26703
972,2021-09,224,6107.0,43447.729999999996,4925,64782.22,15111.0,148434.25,140132.0,11032
973,2021-09,229,87353.0,342043.12,63815,680740.5,86022.0,141126.43,674235.95,62755
974,2021-09,230,105602.0,219584.92,74179,973727.5599999999,97350.0,212377.08,905240.9,66845
975,2021-09,231,59636.0,145714.23,43856,619361.22,62644.0,397462.21,683968.4,45534
976,2021-09,232,6765.0,89525.44,5434,91769.11,20879.0,183849.61000000002,243428.91,15540
977,2021-09,233,52036.0,442856.55000000005,38153,448112.11,59503.0,106031.44,486459.57,43455
978,2021-09,234,111401.0,182068.73,80886,898069.91,96047.0,619100.67,726729.72,70006
979,2021-09,236,175866.0,346488.85,129247,1370357.83,177735.0,561059.95,1301622.81,130087
980,2021-09,237,195519.0,278355.44,143713,1431453.09,171182.0,321469.86,1217510.1300000001,126008
981,2021-09,238,89946.0,299985.29,66864,768457.21,96762.0,345896.79,822679.98,71033
982,2021-09,239,116211.0,303621.66000000003,85002,941702.54,110975.0,198388.33,893658.77,81017
983,2021-09,243,637.0,147755.05,730,17697.15,7835.0,52432.12,167804.71,5958
984,2021-09,244,4241.0,17892.18,3696,71961.96,14307.0,179999.05,272438.82,11331
985,2021-09,246,61093.0,124149.23999999999,43453,524824.73,74575.0,394745.99,621028.85,53958
986,2021-09,249,90924.0,247576.74000000002,65125,759711.71,74067.0,162217.95,584470.46,53236
987,2021-09,261,19648.0,94840.78,13553,226843.76,17204.0,473144.0,222857.77,12041
988,2021-09,262,53239.0,190194.53,39702,467593.19,62104.0,123721.5,535283.86,45661
989,2021-09,263,90200.0,169161.46,66439,748084.57,87432.0,256085.35,710425.56,63919
990,2021-10,4,5702.0,96636.29000000001,4956,71558.31999999999,20186.0,116789.51,200092.68,15018
991,2021-10,12,2181.0,6054.72,1336,23750.82,2474.0,6131.2,24765.39,1472
992,2021-10,13,27630.0,189375.62999999998,19557,332886.18,36734.0,124360.02,464562.67,25985
993,2021-10,24,15643.0,272652.5,11804,149993.97,17969.0,41177.19,172248.83,13219
994,2021-10,41,14945.0,256807.56,11672,150408.03,32058.0,605691.17,358499.81,23988
995,2021-10,42,4814.0,196928.1,4349,68801.87,19648.0,255154.84,288594.16,15296
996,2021-10,43,93047.0,498640.81000000006,62436,699467.49,70743.0,105697.4,518633.01,48287
997,2021-10,45,5623.0,16301.24,4262,70476.63,11285.0,117032.1,130190.69,8094
998,2021-10,48,146777.0,502778.13,104979,1252371.96,128433.0,421407.98,1132717.61,90943
999,2021-10,50,37331.0,74065.34,28128,341974.75,53012.0,98064.36,448608.21,38977
1000,2021-10,68,117405.0,218344.98,84424,1053015.61,114090.0,334359.24,973367.43,82137
1001,2021-10,74,14561.0,249590.89,11415,151175.63,36529.0,91848.49,373217.76,27625
1002,2021-10,75,35303.0,166040.41999999998,26884,337487.81,63351.0,470224.27999999997,561200.88,46882
1003,2021-10,79,136861.0,452819.5,98642,1169058.3,108930.0,302766.74,951458.22,77938
1004,2021-10,87,26460.0,86899.31,19560,329578.93,32545.0,117991.18,429702.68,24104
1005,2021-10,88,12514.0,41393.88,8839,156815.35,15118.0,56355.19,200592.11,10833
1006,2021-10,90,87432.0,145316.12,64117,721032.84,67290.0,347529.36,539967.4,49224
1007,2021-10,100,75236.0,133643.33000000002,54007,634330.6,66016.0,153554.57,563606.42,46710
1008,2021-10,107,115575.0,377998.65,84640,945313.8099999999,95990.0,574916.87,769628.64,70130
1009,2021-10,113,67805.0,180814.75,49427,577692.0700000001,62437.0,113064.07,536533.27,45556
1010,2021-10,114,60129.0,108292.58,42273,503373.1,49200.0,87410.78,421653.69,35045
1011,2021-10,116,4173.0,152322.7,3525,56558.71,12691.0,177068.02000000002,196859.83,9642
1012,2021-10,120,28.0,138.92000000000002,20,768.66,101.0,647.84,2023.82,80
1013,2021-10,125,25415.0,85253.32,18401,233660.3,22285.0,85360.97,223837.35,15996
1014,2021-10,127,253.0,327292.13,286,7535.9800000000005,3178.0,126166.11,74494.92,2441
1015,2021-10,128,37.0,194.57999999999998,33,1010.07,143.0,958.13,3264.58,113
1016,2021-10,137,63807.0,123690.87,47984,556940.08,66172.0,176478.47,542369.3,49801
1017,2021-10,140,93565.0,384227.29,69835,836242.99,94831.0,657521.0800000001,806327.25,71001
1018,2021-10,141,132360.0,318908.49,97164,1023938.29,134499.0,292348.97000000003,1011545.82,98236
1019,2021-10,142,156848.0,254202.62,113565,1228399.81,137599.0,332288.44,1048383.26,99786
1020,2021-10,143,60333.0,202011.98,45413,508631.08,73759.0,412862.93,611335.33,54343
1021,2021-10,144,40486.0,451319.47000000003,28463,369294.76,43599.0,90206.4,419155.69,30245
1022,2021-10,148,49603.0,316763.81000000006,35478,481495.42,50532.0,113474.21,509253.0,35323
1023,2021-10,151,44702.0,131934.05000000002,33692,400792.3,47488.0,490980.0,425347.99,34880
1024,2021-10,152,3328.0,8959.9,2666,37659.72,6849.0,22348.83,86789.79,5217
1025,2021-10,153,42.0,444.22,61,1942.44,182.0,1741.38,5857.55,154
1026,2021-10,158,37398.0,75073.45999999999,26412,342884.07,50458.0,94547.67,438586.41,35346
1027,2021-10,161,181392.0,489496.89,130499,1483940.78,157847.0,687799.05,1241652.56,116190
1028,2021-10,162,149752.0,474598.38,109861,1235711.97,121613.0,300315.07,977584.12,89769
1029,2021-10,163,133092.0,227205.05,95589,1105568.67,112222.0,297791.21,922090.35,80947
1030,2021-10,164,102376.0,179018.5,73584,859337.83,93262.0,329490.25,799765.7000000001,66117
1031,2021-10,166,26622.0,251956.51,20087,268919.32,36486.0,191351.44,373597.37,27148
1032,2021-10,170,146319.0,341973.0,107440,1209662.43,140158.0,392371.25,1114462.97,102861
1033,2021-10,186,150178.0,265844.1,110092,1325463.59,105691.0,450243.34,840586.87,76498
1034,2021-10,194,165.0,829.57,137,4648.99,966.0,3968.71,14922.73,705
1035,2021-10,202,144.0,852.05,157,3504.94,2254.0,10416.56,37261.89,1676
1036,2021-10,209,8409.0,26524.22,6214,104323.95999999999,12131.0,45984.52,159662.31,8773
1037,2021-10,211,34420.0,145519.96,24608,316234.27,41305.0,109879.4,396236.88,29162
1038,2021-10,224,7048.0,15569.91,5552,70546.0,17575.0,37405.7,163352.92,13054
1039,2021-10,229,103914.0,241351.03999999998,76326,807763.66,104657.0,319914.66,797232.55,76022
1040,2021-10,230,135793.0,279875.1,93729,1250505.48,128939.0,485502.73000000004,1197432.69,87317
1041,2021-10,231,66354.0,349940.39999999997,48833,686010.11,70945.0,268170.67,772010.05,51484
1042,2021-10,232,6793.0,210888.06999999998,5509,92206.4,24325.0,157227.15000000002,270994.48,17850
1043,2021-10,233,62274.0,169632.76,45816,536764.08,72726.0,516190.78,595108.72,53075
1044,2021-10,234,131780.0,212468.87,95184,1064821.41,114107.0,174687.43,873879.5599999999,82924
1045,2021-10,236,211065.0,719459.15,154751,1632579.96,219695.0,579147.14,1588440.14,160061
1046,2021-10,237,236669.0,584036.84,172928,1694723.8599999999,208444.0,269945.27999999997,1440059.17,152610
1047,2021-10,238,103091.0,365961.45999999996,76697,868926.89,113997.0,217151.96,967918.22,83739
1048,2021-10,239,140194.0,332801.39,101573,1109164.53,135585.0,867053.04,1085121.02,98242
1049,2021-10,243,629.0,3129.68,601,13834.57,8449.0,189259.44999999998,182106.37,6495
1050,2021-10,244,3765.0,313144.67,3156,60563.1,15158.0,82817.76,280508.98,11804
1051,2021-10,246,69134.0,499742.71,49212,604769.5,83514.0,434285.11,697323.37,60413
1052,2021-10,249,110060.0,255100.15,78638,921730.0599999999,86530.0,388735.92,690660.46,62136
1053,2021-10,261,21567.0,61833.84,14678,247542.45,19746.0,70423.85,257732.81,13816
1054,2021-10,262,63258.0,121551.2,47315,544158.81,74036.0,236245.43000000002,642914.21,54439
1055,2021-10,263,105115.0,192367.58000000002,77298,856489.84,104774.0,425896.5,836490.27,76546
1056,2021-11,4,4488.0,13667.09,4167,62350.31,18181.0,43190.45,183234.51,13772
1057,2021-11,12,1835.0,23352.39,1106,20000.51,2588.0,7154.17,27164.440000000002,1559
1058,2021-11,13,27405.0,178781.31,19476,338746.71,36795.0,144862.25,468109.01,25776
1059,2021-11,24,14487.0,31274.77,11217,142509.51,17516.0,41616.94,169972.92,13056
1060,2021-11,41,14109.0,73238.75,11249,147336.64,31531.0,181309.63999999998,352791.08,23686
1061,2021-11,42,4332.0,227872.43000000005,3941,62725.49,19186.0,476436.5199999999,275567.95,14914
1062,2021-11,43,92244.0,140948.88999999998,62551,713505.4,71305.0,209332.58000000002,532056.45,48598
1063,2021-11,45,5619.0,17821.22,4175,68358.29000000001,11462.0,52575.950000000004,128980.74,8194
1064,2021-11,48,147927.0,377416.52,105898,1282802.56,132525.0,266472.98,1199860.08,92587
1065,2021-11,50,34335.0,322818.36000000004,26291,318238.68,50263.0,177858.17,426338.74,37140
1066,2021-11,68,120580.0,243362.55,85997,1075637.08,116717.0,235786.44,1005130.75,83270
1067,2021-11,74,13571.0,384701.86000000004,10815,144003.43,35436.0,334733.02999999997,360019.11,26888
1068,2021-11,75,32869.0,70101.64,25371,317360.64,60820.0,354054.09,546395.64,45755
1069,2021-11,79,125027.0,479853.23,90089,1084029.48,100014.0,197690.33,876411.74,71613
1070,2021-11,87,21645.0,181731.64,16369,283085.99,29311.0,181655.27,404500.7,21638
1071,2021-11,88,12168.0,41460.18,8491,153273.69,15738.0,61337.83,214295.72,11354
1072,2021-11,90,81181.0,136661.34,59850,668533.63,64209.0,247102.32,518119.08,46930
1073,2021-11,100,81694.0,145313.79,58026,695526.66,70507.0,366660.64,623745.19,49673
1074,2021-11,107,112099.0,268192.51,82509,933633.15,93699.0,433049.54,755314.51,68677
1075,2021-11,113,64018.0,112264.3,47019,548432.7,58642.0,291191.25,519397.74,43303
1076,2021-11,114,58813.0,107759.2,41768,497004.26,47352.0,85614.82,403115.68,33363
1077,2021-11,116,3808.0,76327.19,3234,53056.53,12060.0,98340.38,187854.92,9179
1078,2021-11,120,14.0,138.57,23,744.2,143.0,813.45,2652.13,98
1079,2021-11,125,24773.0,120042.91,17870,230796.97,21888.0,54463.98,225143.93,15567
1080,2021-11,127,246.0,150804.3,239,6522.45,3145.0,181519.55,74796.37,2462
1081,2021-11,128,22.0,264.32,32,932.04,163.0,1340.33,4274.389999999999,138
1082,2021-11,137,58975.0,116222.18000000001,44465,520936.15,61681.0,363166.39,505759.0,46552
1083,2021-11,140,93107.0,882561.3800000001,70000,845481.33,94895.0,461757.29000000004,826332.49,71854
1084,2021-11,141,127644.0,242462.35,94742,1001443.96,132483.0,322458.85,1005807.91,96943
1085,2021-11,142,158399.0,472372.83,114436,1242786.35,135691.0,406894.17,1044480.02,98637
1086,2021-11,143,59863.0,113830.76,45222,504433.54,73776.0,342697.08999999997,619227.06,55033
1087,2021-11,144,39024.0,352157.25,27593,362526.81,42627.0,99995.2,417454.33,29609
1088,2021-11,148,46373.0,182446.92,32946,451860.05,48245.0,217347.5,497273.09,33690
1089,2021-11,151,44020.0,435180.48,33483,395756.15,47474.0,99458.71,427030.72,35167
1090,2021-11,152,3349.0,8525.92,2666,36685.19,6595.0,21953.43,84088.02,5073
1091,2021-11,153,16.0,349.15,43,1385.84,102.0,1343.22,4518.28,119
1092,2021-11,158,35605.0,88086.22,25378,326016.01,47875.0,261886.04,420651.4,33960
1093,2021-11,161,200332.0,347805.21,142504,1681052.36,179261.0,625992.73,1452679.77,129527
1094,2021-11,162,154275.0,369262.95,112477,1302116.53,127260.0,422834.71,1066121.43,93595
1095,2021-11,163,142938.0,246843.61,101992,1205459.08,119357.0,351424.83999999997,1005162.17,85564
1096,2021-11,164,105556.0,254705.16,75240,897928.71,98592.0,366604.7,880843.88,69161
1097,2021-11,166,24808.0,180950.02,19197,258587.1,34917.0,93240.39,375800.36,26301
1098,2021-11,170,142620.0,403971.5,104979,1219013.4,138917.0,248702.21,1147458.06,101858
1099,2021-11,186,153973.0,271654.21,112229,1355930.03,106922.0,416831.65,858793.94,76746
1100,2021-11,194,168.0,856.4399999999999,157,5569.55,685.0,3064.7400000000002,11229.53,497
1101,2021-11,202,101.0,849.78,130,3667.95,2115.0,110395.78,35846.02,1566
1102,2021-11,209,7408.0,32319.77,5523,95720.75,11967.0,159927.06,163165.26,8693
1103,2021-11,211,35497.0,69661.57,25089,322743.96,42135.0,179228.33000000002,400787.51,29573
1104,2021-11,224,6379.0,116639.3,5278,68887.1,17476.0,37857.19,161447.81,12929
1105,2021-11,229,100678.0,173910.81,74484,799233.0599999999,101732.0,389446.77,805405.72,74485
1106,2021-11,230,154378.0,421321.52,105552,1436056.04,147338.0,315743.16,1397087.73,98359
1107,2021-11,231,63941.0,287214.51999999996,47206,666968.07,67874.0,331221.63999999996,759620.75,49520
1108,2021-11,232,7081.0,179247.03999999998,5445,90889.8,24047.0,109815.54000000001,266521.83,17329
1109,2021-11,233,59287.0,202012.84999999998,43633,528996.35,70555.0,131993.9,600220.56,51820
1110,2021-11,234,124465.0,279043.25,90137,1007216.76,109357.0,248669.88999999998,845492.77,79527
1111,2021-11,236,215097.0,592444.74,158412,1676162.4,221712.0,460961.63,1628886.02,162762
1112,2021-11,237,241101.0,595536.24,176829,1751978.3,212653.0,521353.89999999997,1499915.15,156179
1113,2021-11,238,101433.0,412339.51999999996,76183,863522.26,113173.0,478789.56,967597.85,83377
1114,2021-11,239,140356.0,602459.76,102078,1124211.01,136328.0,477777.19,1104534.49,99086
1115,2021-11,243,569.0,3254.98,580,14338.41,8743.0,56277.69,179525.68,6419
1116,2021-11,244,3628.0,39040.44,3044,58109.9,14840.0,134616.63,276001.02,11550
1117,2021-11,246,69369.0,127229.94,49528,606916.13,83744.0,270146.1,683182.18,60262
1118,2021-11,249,104432.0,185983.38,74886,868602.79,81469.0,136224.95,648610.42,58438
1119,2021-11,261,22378.0,67930.68,15296,265704.82,21113.0,80792.4,283086.75,14558
1120,2021-11,262,60508.0,437043.36,46051,532700.5,72939.0,241581.69999999998,634772.86,53650
1121,2021-11,263,100483.0,541516.4600000001,74422,820588.71,100596.0,188325.23,818808.72,73974
1122,2021-12,4,3707.0,118600.44,3433,53296.2,16824.0,39524.66,164503.97,12558
1123,2021-12,12,2479.0,6562.59,1452,25133.0,3486.0,9024.51,33491.42,1979
1124,2021-12,13,28252.0,203116.86000000002,19185,333736.75,38708.0,306461.68,462131.97,25807
1125,2021-12,24,14061.0,263237.59,10782,133420.64,16603.0,89056.19,155022.99,12411
1126,2021-12,41,13738.0,30024.420000000002,10713,135772.57,30546.0,261581.34,328455.57,22769
1127,2021-12,42,4453.0,76192.69,3915,56988.71,19303.0,153581.45,267594.23,14778
1128,2021-12,43,89281.0,391112.24000000005,59587,676913.14,69904.0,335823.56,506175.4,46701
1129,2021-12,45,5829.0,265881.10000000003,4148,67650.7,11509.0,30396.19,124477.15,7904
1130,2021-12,48,149660.0,288884.98,104919,1294304.81,133235.0,535998.88,1244825.74,90966
1131,2021-12,50,30165.0,174383.31000000003,23097,277789.64,46461.0,84227.89,388932.15,33957
1132,2021-12,68,117875.0,360698.95,82393,1042943.39,113391.0,456928.66,951725.5,78966
1133,2021-12,74,13152.0,113890.14,10165,128902.31999999999,34298.0,186849.04,329156.07,25731
1134,2021-12,75,31817.0,292028.94,24362,291183.46,58416.0,218384.97,504144.73000000004,43959
1135,2021-12,79,106450.0,246690.81,76661,916809.11,87324.0,261222.09,748958.43,62137
1136,2021-12,87,21250.0,175501.44,15556,273667.22,27905.0,176466.65,377635.46,19980
1137,2021-12,88,12967.0,63656.94,8758,159287.47,15746.0,60168.58,205672.22,10852
1138,2021-12,90,73154.0,123314.69,53598,601121.67,56808.0,99615.82,453588.49,41123
1139,2021-12,100,81316.0,362139.01,55433,692926.37,73779.0,130784.16,636941.17,49131
1140,2021-12,107,104388.0,202908.93,76057,861177.38,85743.0,199367.95,673018.58,62006
1141,2021-12,113,58060.0,99445.97,42032,481851.60000000003,52816.0,238004.31999999998,448214.6,38232
1142,2021-12,114,51024.0,362376.01,35969,427485.1,40741.0,72458.43,336921.69,28733
1143,2021-12,116,4033.0,37962.96,3243,51692.01,12142.0,99488.92,180021.68,9138
1144,2021-12,120,26.0,99.23,22,616.58,78.0,579.07,1849.08,71
1145,2021-12,125,21244.0,44764.13,15320,197426.73,19666.0,48744.020000000004,196488.89,13826
1146,2021-12,127,213.0,1332.16,220,5474.87,3053.0,23342.2,70905.35,2398
1147,2021-12,128,15.0,213.25,31,827.27,174.0,1159.84,3581.46,124
1148,2021-12,137,54375.0,310544.18,40837,473648.05,56712.0,378923.18,452712.32,42773
1149,2021-12,140,84911.0,300617.63,64254,750716.28,86474.0,338721.73,719590.25,65167
1150,2021-12,141,119486.0,262381.67000000004,88163,907041.6,120697.0,315930.09,889814.2,87884
1151,2021-12,142,156722.0,321368.57,111846,1211512.54,129502.0,280723.61,983792.11,92923
1152,2021-12,143,53260.0,171148.78000000003,40433,448397.08,66572.0,136144.53,545069.28,49465
1153,2021-12,144,38162.0,139636.09,26203,342514.48,41436.0,87734.59,389906.11,28022
1154,2021-12,148,38102.0,433726.89,27190,373322.29,42528.0,104414.8,437071.95,29524
1155,2021-12,151,41835.0,375730.78,32084,374344.04,44276.0,93383.19,391488.37,32823
1156,2021-12,152,3221.0,8422.07,2518,35056.66,6389.0,117273.75,78553.42,4885
1157,2021-12,153,34.0,350.21,51,1433.95,117.0,1371.95,4367.77,119
1158,2021-12,158,30632.0,62009.09,21663,278482.02,40708.0,77979.97,345927.0,28560
1159,2021-12,161,179193.0,310886.75,122052,1505717.8699999999,173766.0,402961.64999999997,1452899.58,120702
1160,2021-12,162,148402.0,339647.48000000004,105229,1249097.02,121627.0,243721.64,1023140.03,87180
1161,2021-12,163,137441.0,348204.2,95260,1159427.77,114855.0,204954.95,982393.22,79861
1162,2021-12,164,103717.0,183483.36000000002,71167,874796.25,97884.0,228170.25,874909.96,66080
1163,2021-12,166,23454.0,348629.63,18178,245097.19,31875.0,540030.96,318929.04,23903
1164,2021-12,170,131404.0,237816.58000000002,95382,1125108.51,126963.0,610161.36,1046234.27,91453
1165,2021-12,186,141508.0,253862.04,101241,1243766.54,102551.0,285632.05,813781.38,71651
1166,2021-12,194,128.0,783.6,118,4826.85,310.0,1691.55,6512.68,235
1167,2021-12,202,134.0,657.47,125,3265.27,2331.0,10652.87,37597.43,1651
1168,2021-12,209,7513.0,24715.44,5461,94962.11,11878.0,43075.43,154838.46,8341
1169,2021-12,211,33650.0,145063.49,23104,296689.23,39952.0,84849.54000000001,359412.8,27292
1170,2021-12,224,6156.0,14266.68,4966,64383.06,16264.0,35118.38,148349.08,12035
1171,2021-12,229,95666.0,189964.4,69853,743563.69,94404.0,286403.08,731352.09,68050
1172,2021-12,230,154454.0,399556.56,100670,1420839.39,153398.0,548671.53,1463467.31,97733
1173,2021-12,231,58232.0,399264.86,41977,597792.71,61218.0,389518.95,654521.15,43775
1174,2021-12,232,8848.0,138801.58000000002,6118,98926.17,25173.0,96111.04,266529.14,17645
1175,2021-12,233,55494.0,109249.78,40194,493148.53,65104.0,137831.63,550100.62,47029
1176,2021-12,234,114671.0,326148.12,81837,914777.22,99974.0,160734.4,750836.98,71095
1177,2021-12,236,194075.0,317268.64,143323,1478912.0,197780.0,430333.31,1413308.82,144739
1178,2021-12,237,217735.0,385355.41000000003,158624,1547298.2,186450.0,452877.5,1282124.91,136137
1179,2021-12,238,94060.0,282932.83,70729,790970.32,105160.0,349265.91000000003,868289.79,76984
1180,2021-12,239,131471.0,558768.85,95394,1027745.54,126563.0,481975.3,999286.53,91403
1181,2021-12,243,473.0,123726.94000000002,516,12851.289999999999,8440.0,176658.74999999997,172416.02,6258
1182,2021-12,244,3624.0,14142.55,2968,54732.06,14241.0,215406.00999999998,254421.73,11005
1183,2021-12,246,62907.0,111852.73,43497,532896.17,71164.0,122271.98,565862.7,50149
1184,2021-12,249,89653.0,162012.4,64667,746788.91,71229.0,117968.34,550730.33,50719
1185,2021-12,261,26313.0,76090.36,16728,293783.65,23932.0,86949.25,302459.13,15717
1186,2021-12,262,56562.0,110639.99,43076,489491.49,67478.0,179261.17,571857.32,49714
1187,2021-12,263,95576.0,343857.91,70453,760596.59,94451.0,367753.2,745842.09,69182
